{  
  "initializer": {    
    
    "lifetime": "20",
    "alpha": "0",
    "size": "0.9",
    "has_physics": true
  },
  "ticker": {
    "dx": "0+RAIN*0.2",
    "dy": "-0.7",
    "dz": "0+RAIN*0.2",
    "alpha": "0+RAIN*10 * min(0, 5 - SKY_LIGHT)"
  },
  "kill_on_contact": true,
  "liquid_affinity": "non_liquids",
  "random_sprite": true,
  "render_type": "translucent",
  "rotation_mode": "movement_aligned",

  "particle_emitters": [
    {
      "particle": "minecraft:wind",
      "chance": "0.0001 - RAIN",
      "x": "0", 
      "z": "0",
      "y": "0"
    }
 ]
  
}