{
    "initializer": {
    "lifetime": "35",
    "alpha": "0",
    "size": "0.9",
    "dx": "rand()",
    "dy": "rand()",
    "dz": "rand()"
  },
  "ticker": {
    "dx": "0.4",
    "dy": "0",
    "dz": "0.3",
    "roll": "(AGE)/4",
    "alpha": "0+RAIN*10 * min(0, 1 - SKY_LIGHT)"
  },
  "has_physics": true,
  "kill_on_contact": true,
  "liquid_affinity": "non_liquids",
  "random_sprite": true,

  "particle_emitters": [
    {
      "particle": "minecraft:wind",
      "chance": "0.01",
      "x": "0", 
      "z": "0",
      "y": "0"
    }
 ]
}