{
  "model": {
    "type": "minecraft:select",
    "cases": [
      {
        "model": {
          "type": "minecraft:condition",
          "on_false": {
            "type": "minecraft:model",
            "model": "minecraft:item/purple_bundle"
          },
          "on_true": {
            "type": "minecraft:composite",
            "models": [
              {
                "type": "minecraft:model",
                "model": "minecraft:item/purple_bundle_open_back"
              },
              {
                "type": "minecraft:bundle/selected_item"
              },
              {
                "type": "minecraft:model",
                "model": "minecraft:item/purple_bundle_open_front"
              }
            ]
          },
          "property": "minecraft:bundle/has_selected_item"
        },
        "when": [
          "gui",
          "ground",
          "fixed"
        ]
      }
    ],
    "fallback": {
      "type": "minecraft:model",
      "model": "minecraft:item/purple_bundle_3d"
    },
    "property": "minecraft:display_context"
  }
}