{
	"parent": "block/template_chorus_flower",
	"textures": {
		"bottom": "block/chorus_plant",
		"side": "block/chorus_flower_dead",
		"texture": "block/chorus_flower"
	},
	"elements": [
		{
			"from": [2, 0, 2],
			"to": [14, 14, 14],
			"faces": {
				"west": {"uv": [2, 2, 14, 16], "texture": "#bottom"},
				"east": {"uv": [2, 2, 14, 16], "texture": "#bottom"},
				"north": {"uv": [2, 2, 14, 16], "texture": "#bottom"},
				"south": {"uv": [2, 2, 14, 16], "texture": "#bottom"},
				"up": {"uv": [2, 2, 14, 14], "texture": "#bottom"},
				"down": {"uv": [14, 14, 2, 2], "texture": "#bottom"}
		}},
		{
			"from": [0, 2, 2],
			"to": [2, 14, 14],
			"faces": {
				"west": {"uv": [2, 2, 14, 14], "texture": "#side", "cullface": "west"},
				"north": {"uv": [14, 2, 16, 14], "texture": "#bottom"},
				"south": {"uv": [0, 2, 2, 14], "texture": "#bottom"},
				"up": {"uv": [0, 2, 2, 14], "texture": "#bottom"},
				"down": {"uv": [16, 14, 14, 2], "texture": "#bottom"}
		}},
		{
			"from": [14, 2, 2],
			"to": [16, 14, 14],
			"faces": {
				"east": {"uv": [2, 2, 14, 14], "texture": "#side", "cullface": "east"},
				"north": {"uv": [0, 2, 2, 14], "texture": "#bottom"},
				"south": {"uv": [14, 2, 16, 14], "texture": "#bottom"},
				"up": {"uv": [14, 2, 16, 14], "texture": "#bottom"},
				"down": {"uv": [2, 14, 0, 2], "texture": "#bottom"}
		}},
		{
			"from": [2, 2, 0],
			"to": [14, 14, 2],
			"faces": {
				"west": {"uv": [0, 2, 2, 14], "texture": "#bottom"},
				"east": {"uv": [14, 2, 16, 14], "texture": "#bottom"},
				"north": {"uv": [2, 2, 14, 14], "texture": "#side", "cullface": "north"},
				"up": {"uv": [2, 0, 14, 2], "texture": "#bottom"},
				"down": {"uv": [14, 2, 2, 0], "texture": "#bottom"}
		}},
		{
			"from": [2, 2, 14],
			"to": [14, 14, 16],
			"faces": {
				"west": {"uv": [14, 2, 16, 14], "texture": "#bottom"},
				"east": {"uv": [0, 2, 2, 14], "texture": "#bottom"},
				"south": {"uv": [2, 2, 14, 14], "texture": "#side", "cullface": "south"},
				"up": {"uv": [2, 14, 14, 16], "texture": "#bottom"},
				"down": {"uv": [14, 16, 2, 14], "texture": "#bottom"}
		}},
		{
			"from": [2, 14, 2],
			"to": [14, 16, 14],
			"faces": {
				"west": {"uv": [2, 0, 14, 2], "texture": "#bottom"},
				"east": {"uv": [2, 0, 14, 2], "texture": "#bottom"},
				"north": {"uv": [2, 0, 14, 2], "texture": "#bottom"},
				"south": {"uv": [2, 0, 14, 2], "texture": "#bottom"},
				"up": {"uv": [2, 2, 14, 14], "texture": "#side", "cullface": "up"}
		}},
		{
			"from": [6, 16, 3],
			"to": [10, 16, 7],
			"rotation": {"origin": [8, 16, 7], "axis": "x", "angle": 22.5},
			"faces": {
				"up": {"uv": [6, 3, 10, 7], "texture": "#texture", "cullface": "up"},
				"down": {"uv": [10, 3, 6, 7], "texture": "#texture", "cullface": "up"}
		}},
		{
			"from": [7, 16, 2],
			"to": [9, 16, 3],
			"rotation": {"origin": [8, 16, 7], "axis": "x", "angle": 22.5},
			"faces": {
				"up": {"uv": [7, 2, 9, 3], "texture": "#texture", "cullface": "up"},
				"down": {"uv": [9, 2, 7, 3], "texture": "#texture", "cullface": "up"}
		}},
		{
			"from": [6, 16, 9],
			"to": [10, 16, 13],
			"rotation": {"origin": [8, 16, 9], "axis": "x", "angle": -22.5},
			"faces": {
				"up": {"uv": [6, 7, 10, 3], "texture": "#texture", "cullface": "up"},
				"down": {"uv": [10, 7, 6, 3], "texture": "#texture", "cullface": "up"}
		}},
		{
			"from": [7, 16, 13],
			"to": [9, 16, 14],
			"rotation": {"origin": [8, 16, 9], "axis": "x", "angle": -22.5},
			"faces": {
				"up": {"uv": [7, 3, 9, 2], "texture": "#texture", "cullface": "up"},
				"down": {"uv": [9, 3, 7, 2], "texture": "#texture", "cullface": "up"}
		}},
		{
			"from": [6, 16, 7],
			"to": [7, 16, 9],
			"rotation": {"origin": [7, 16, 8], "axis": "z", "angle": -22.5},
			"faces": {
				"up": {"uv": [6, 9, 7, 11], "texture": "#texture", "cullface": "up"},
				"down": {"uv": [6, 11, 7, 9], "texture": "#texture", "cullface": "up"}
		}},
		{
			"from": [3, 16, 6],
			"to": [6, 16, 10],
			"rotation": {"origin": [7, 16, 8], "axis": "z", "angle": -22.5},
			"faces": {
				"up": {"uv": [3, 8, 6, 12], "texture": "#texture", "cullface": "up"},
				"down": {"uv": [3, 12, 6, 8], "texture": "#texture", "cullface": "up"}
		}},
		{
			"from": [2, 16, 7],
			"to": [3, 16, 9],
			"rotation": {"origin": [7, 16, 8], "axis": "z", "angle": -22.5},
			"faces": {
				"up": {"uv": [2, 9, 3, 11], "texture": "#texture", "cullface": "up"},
				"down": {"uv": [2, 11, 3, 9], "texture": "#texture", "cullface": "up"}
		}},
		{
			"from": [9, 16, 7],
			"to": [10, 16, 9],
			"rotation": {"origin": [9, 16, 8], "axis": "z", "angle": 22.5},
			"faces": {
				"up": {"uv": [9, 9, 10, 11], "texture": "#texture", "cullface": "up"},
				"down": {"uv": [9, 11, 10, 9], "texture": "#texture", "cullface": "up"}
		}},
		{
			"from": [10, 16, 6],
			"to": [13, 16, 10],
			"rotation": {"origin": [9, 16, 8], "axis": "z", "angle": 22.5},
			"faces": {
				"up": {"uv": [10, 8, 13, 12], "texture": "#texture", "cullface": "up"},
				"down": {"uv": [10, 12, 13, 8], "texture": "#texture", "cullface": "up"}
		}},
		{
			"from": [13, 16, 7],
			"to": [14, 16, 9],
			"rotation": {"origin": [9, 16, 8], "axis": "z", "angle": 22.5},
			"faces": {
				"up": {"uv": [13, 9, 14, 11], "texture": "#texture", "cullface": "up"},
				"down": {"uv": [13, 11, 14, 9], "texture": "#texture", "cullface": "up"}
		}},
		{
			"from": [0, 9, 6],
			"to": [0, 13, 10],
			"rotation": {"origin": [0, 9, 8], "axis": "z", "angle": 22.5},
			"faces": {
				"west": {"uv": [6, 3, 10, 7], "texture": "#texture", "cullface": "west"},
				"east": {"uv": [10, 3, 6, 7], "texture": "#texture", "cullface": "west"}
		}},
		{
			"from": [0, 13, 7],
			"to": [0, 14, 9],
			"rotation": {"origin": [0, 9, 8], "axis": "z", "angle": 22.5},
			"faces": {
				"west": {"uv": [7, 2, 9, 3], "texture": "#texture", "cullface": "west"},
				"east": {"uv": [9, 2, 7, 3], "texture": "#texture", "cullface": "west"}
		}},
		{
			"from": [0, 3, 6],
			"to": [0, 7, 10],
			"rotation": {"origin": [0, 7, 8], "axis": "z", "angle": -22.5},
			"faces": {
				"west": {"uv": [6, 7, 10, 3], "texture": "#texture", "cullface": "west"},
				"east": {"uv": [10, 7, 6, 3], "texture": "#texture", "cullface": "west"}
		}},
		{
			"from": [0, 2, 7],
			"to": [0, 3, 9],
			"rotation": {"origin": [0, 7, 8], "axis": "z", "angle": -22.5},
			"faces": {
				"west": {"uv": [7, 3, 9, 2], "texture": "#texture", "cullface": "west"},
				"east": {"uv": [9, 3, 7, 2], "texture": "#texture", "cullface": "west"}
		}},
		{
			"from": [0, 7, 6],
			"to": [0, 9, 7],
			"rotation": {"origin": [0, 8, 7], "axis": "y", "angle": 22.5},
			"faces": {
				"west": {"uv": [6, 9, 7, 11], "texture": "#texture", "cullface": "west"},
				"east": {"uv": [6, 11, 7, 9], "texture": "#texture", "cullface": "west"}
		}},
		{
			"from": [0, 6, 3],
			"to": [0, 10, 6],
			"rotation": {"origin": [0, 8, 7], "axis": "y", "angle": 22.5},
			"faces": {
				"west": {"uv": [3, 8, 6, 12], "texture": "#texture", "cullface": "west"},
				"east": {"uv": [3, 12, 6, 8], "texture": "#texture", "cullface": "west"}
		}},
		{
			"from": [0, 7, 2],
			"to": [0, 9, 3],
			"rotation": {"origin": [0, 8, 7], "axis": "y", "angle": 22.5},
			"faces": {
				"west": {"uv": [2, 9, 3, 11], "texture": "#texture", "cullface": "west"},
				"east": {"uv": [2, 11, 3, 9], "texture": "#texture", "cullface": "west"}
		}},
		{
			"from": [0, 7, 9],
			"to": [0, 9, 10],
			"rotation": {"origin": [0, 8, 9], "axis": "y", "angle": -22.5},
			"faces": {
				"west": {"uv": [9, 9, 10, 11], "texture": "#texture", "cullface": "west"},
				"east": {"uv": [9, 11, 10, 9], "texture": "#texture", "cullface": "west"}
		}},
		{
			"from": [0, 6, 10],
			"to": [0, 10, 13],
			"rotation": {"origin": [0, 8, 9], "axis": "y", "angle": -22.5},
			"faces": {
				"west": {"uv": [10, 8, 13, 12], "texture": "#texture", "cullface": "west"},
				"east": {"uv": [10, 12, 13, 8], "texture": "#texture", "cullface": "west"}
		}},
		{
			"from": [0, 7, 13],
			"to": [0, 9, 14],
			"rotation": {"origin": [0, 8, 9], "axis": "y", "angle": -22.5},
			"faces": {
				"west": {"uv": [13, 9, 14, 11], "texture": "#texture", "cullface": "west"},
				"east": {"uv": [13, 11, 14, 9], "texture": "#texture", "cullface": "west"}
		}},
		{
			"from": [16, 9, 6],
			"to": [16, 13, 10],
			"rotation": {"origin": [16, 9, 8], "axis": "z", "angle": -22.5},
			"faces": {
				"east": {"uv": [6, 3, 10, 7], "texture": "#texture", "cullface": "east"},
				"west": {"uv": [10, 3, 6, 7], "texture": "#texture", "cullface": "east"}
		}},
		{
			"from": [16, 13, 7],
			"to": [16, 14, 9],
			"rotation": {"origin": [16, 9, 8], "axis": "z", "angle": -22.5},
			"faces": {
				"east": {"uv": [7, 2, 9, 3], "texture": "#texture", "cullface": "east"},
				"west": {"uv": [9, 2, 7, 3], "texture": "#texture", "cullface": "east"}
		}},
		{
			"from": [16, 3, 6],
			"to": [16, 7, 10],
			"rotation": {"origin": [16, 7, 8], "axis": "z", "angle": 22.5},
			"faces": {
				"east": {"uv": [6, 7, 10, 3], "texture": "#texture", "cullface": "east"},
				"west": {"uv": [10, 7, 6, 3], "texture": "#texture", "cullface": "east"}
		}},
		{
			"from": [16, 2, 7],
			"to": [16, 3, 9],
			"rotation": {"origin": [16, 7, 8], "axis": "z", "angle": 22.5},
			"faces": {
				"east": {"uv": [7, 3, 9, 2], "texture": "#texture", "cullface": "east"},
				"west": {"uv": [9, 3, 7, 2], "texture": "#texture", "cullface": "east"}
		}},
		{
			"from": [16, 7, 6],
			"to": [16, 9, 7],
			"rotation": {"origin": [16, 8, 7], "axis": "y", "angle": -22.5},
			"faces": {
				"east": {"uv": [6, 9, 7, 11], "texture": "#texture", "cullface": "east"},
				"west": {"uv": [6, 11, 7, 9], "texture": "#texture", "cullface": "east"}
		}},
		{
			"from": [16, 6, 3],
			"to": [16, 10, 6],
			"rotation": {"origin": [16, 8, 7], "axis": "y", "angle": -22.5},
			"faces": {
				"east": {"uv": [3, 8, 6, 12], "texture": "#texture", "cullface": "east"},
				"west": {"uv": [3, 12, 6, 8], "texture": "#texture", "cullface": "east"}
		}},
		{
			"from": [16, 7, 2],
			"to": [16, 9, 3],
			"rotation": {"origin": [16, 8, 7], "axis": "y", "angle": -22.5},
			"faces": {
				"east": {"uv": [2, 9, 3, 11], "texture": "#texture", "cullface": "east"},
				"west": {"uv": [2, 11, 3, 9], "texture": "#texture", "cullface": "east"}
		}},
		{
			"from": [16, 7, 9],
			"to": [16, 9, 10],
			"rotation": {"origin": [16, 8, 9], "axis": "y", "angle": 22.5},
			"faces": {
				"east": {"uv": [9, 9, 10, 11], "texture": "#texture", "cullface": "east"},
				"west": {"uv": [9, 11, 10, 9], "texture": "#texture", "cullface": "east"}
		}},
		{
			"from": [16, 6, 10],
			"to": [16, 10, 13],
			"rotation": {"origin": [16, 8, 9], "axis": "y", "angle": 22.5},
			"faces": {
				"east": {"uv": [10, 8, 13, 12], "texture": "#texture", "cullface": "east"},
				"west": {"uv": [10, 12, 13, 8], "texture": "#texture", "cullface": "east"}
		}},
		{
			"from": [16, 7, 13],
			"to": [16, 9, 14],
			"rotation": {"origin": [16, 8, 9], "axis": "y", "angle": 22.5},
			"faces": {
				"east": {"uv": [13, 9, 14, 11], "texture": "#texture", "cullface": "east"},
				"west": {"uv": [13, 11, 14, 9], "texture": "#texture", "cullface": "east"}
		}},
		{
			"from": [6, 9, 0],
			"to": [10, 13, 0],
			"rotation": {"origin": [8, 9, 0], "axis": "x", "angle": -22.5},
			"faces": {
				"north": {"uv": [6, 3, 10, 7], "texture": "#texture", "cullface": "north"},
				"south": {"uv": [10, 3, 6, 7], "texture": "#texture", "cullface": "north"}
		}},
		{
			"from": [7, 13, 0],
			"to": [9, 14, 0],
			"rotation": {"origin": [8, 9, 0], "axis": "x", "angle": -22.5},
			"faces": {
				"north": {"uv": [7, 2, 9, 3], "texture": "#texture", "cullface": "north"},
				"south": {"uv": [9, 2, 7, 3], "texture": "#texture", "cullface": "north"}
		}},
		{
			"from": [6, 3, 0],
			"to": [10, 7, 0],
			"rotation": {"origin": [8, 7, 0], "axis": "x", "angle": 22.5},
			"faces": {
				"north": {"uv": [6, 7, 10, 3], "texture": "#texture", "cullface": "north"},
				"south": {"uv": [10, 7, 6, 3], "texture": "#texture", "cullface": "north"}
		}},
		{
			"from": [7, 2, 0],
			"to": [9, 3, 0],
			"rotation": {"origin": [8, 7, 0], "axis": "x", "angle": 22.5},
			"faces": {
				"north": {"uv": [7, 3, 9, 2], "texture": "#texture", "cullface": "north"},
				"south": {"uv": [9, 3, 7, 2], "texture": "#texture", "cullface": "north"}
		}},
		{
			"from": [6, 7, 0],
			"to": [7, 9, 0],
			"rotation": {"origin": [7, 8, 0], "axis": "y", "angle": -22.5},
			"faces": {
				"north": {"uv": [6, 9, 7, 11], "texture": "#texture", "cullface": "north"},
				"south": {"uv": [6, 11, 7, 9], "texture": "#texture", "cullface": "north"}
		}},
		{
			"from": [3, 6, 0],
			"to": [6, 10, 0],
			"rotation": {"origin": [7, 8, 0], "axis": "y", "angle": -22.5},
			"faces": {
				"north": {"uv": [3, 8, 6, 12], "texture": "#texture", "cullface": "north"},
				"south": {"uv": [3, 12, 6, 8], "texture": "#texture", "cullface": "north"}
		}},
		{
			"from": [2, 7, 0],
			"to": [3, 9, 0],
			"rotation": {"origin": [7, 8, 0], "axis": "y", "angle": -22.5},
			"faces": {
				"north": {"uv": [2, 9, 3, 11], "texture": "#texture", "cullface": "north"},
				"south": {"uv": [2, 11, 3, 9], "texture": "#texture", "cullface": "north"}
		}},
		{
			"from": [9, 7, 0],
			"to": [10, 9, 0],
			"rotation": {"origin": [9, 8, 0], "axis": "y", "angle": 22.5},
			"faces": {
				"north": {"uv": [9, 9, 10, 11], "texture": "#texture", "cullface": "north"},
				"south": {"uv": [9, 11, 10, 9], "texture": "#texture", "cullface": "north"}
		}},
		{
			"from": [10, 6, 0],
			"to": [13, 10, 0],
			"rotation": {"origin": [9, 8, 0], "axis": "y", "angle": 22.5},
			"faces": {
				"north": {"uv": [10, 8, 13, 12], "texture": "#texture", "cullface": "north"},
				"south": {"uv": [10, 12, 13, 8], "texture": "#texture", "cullface": "north"}
		}},
		{
			"from": [13, 7, 0],
			"to": [14, 9, 0],
			"rotation": {"origin": [9, 8, 0], "axis": "y", "angle": 22.5},
			"faces": {
				"north": {"uv": [13, 9, 14, 11], "texture": "#texture", "cullface": "north"},
				"south": {"uv": [13, 11, 14, 9], "texture": "#texture", "cullface": "north"}
		}},
		{
			"from": [6, 9, 16],
			"to": [10, 13, 16],
			"rotation": {"origin": [8, 9, 16], "axis": "x", "angle": 22.5},
			"faces": {
				"south": {"uv": [6, 3, 10, 7], "texture": "#texture", "cullface": "south"},
				"north": {"uv": [10, 3, 6, 7], "texture": "#texture", "cullface": "south"}
		}},
		{
			"from": [7, 13, 16],
			"to": [9, 14, 16],
			"rotation": {"origin": [8, 9, 16], "axis": "x", "angle": 22.5},
			"faces": {
				"south": {"uv": [7, 2, 9, 3], "texture": "#texture", "cullface": "south"},
				"north": {"uv": [9, 2, 7, 3], "texture": "#texture", "cullface": "south"}
		}},
		{
			"from": [6, 3, 16],
			"to": [10, 7, 16],
			"rotation": {"origin": [8, 7, 16], "axis": "x", "angle": -22.5},
			"faces": {
				"south": {"uv": [6, 7, 10, 3], "texture": "#texture", "cullface": "south"},
				"north": {"uv": [10, 7, 6, 3], "texture": "#texture", "cullface": "south"}
		}},
		{
			"from": [7, 2, 16],
			"to": [9, 3, 16],
			"rotation": {"origin": [8, 7, 16], "axis": "x", "angle": -22.5},
			"faces": {
				"south": {"uv": [7, 3, 9, 2], "texture": "#texture", "cullface": "south"},
				"north": {"uv": [9, 3, 7, 2], "texture": "#texture", "cullface": "south"}
		}},
		{
			"from": [6, 7, 16],
			"to": [7, 9, 16],
			"rotation": {"origin": [7, 8, 16], "axis": "y", "angle": 22.5},
			"faces": {
				"south": {"uv": [6, 9, 7, 11], "texture": "#texture", "cullface": "south"},
				"north": {"uv": [6, 11, 7, 9], "texture": "#texture", "cullface": "south"}
		}},
		{
			"from": [3, 6, 16],
			"to": [6, 10, 16],
			"rotation": {"origin": [7, 8, 16], "axis": "y", "angle": 22.5},
			"faces": {
				"south": {"uv": [3, 8, 6, 12], "texture": "#texture", "cullface": "south"},
				"north": {"uv": [3, 12, 6, 8], "texture": "#texture", "cullface": "south"}
		}},
		{
			"from": [2, 7, 16],
			"to": [3, 9, 16],
			"rotation": {"origin": [7, 8, 16], "axis": "y", "angle": 22.5},
			"faces": {
				"south": {"uv": [2, 9, 3, 11], "texture": "#texture", "cullface": "south"},
				"north": {"uv": [2, 11, 3, 9], "texture": "#texture", "cullface": "south"}
		}},
		{
			"from": [9, 7, 16],
			"to": [10, 9, 16],
			"rotation": {"origin": [9, 8, 16], "axis": "y", "angle": -22.5},
			"faces": {
				"south": {"uv": [9, 9, 10, 11], "texture": "#texture", "cullface": "south"},
				"north": {"uv": [9, 11, 10, 9], "texture": "#texture", "cullface": "south"}
		}},
		{
			"from": [10, 6, 16],
			"to": [13, 10, 16],
			"rotation": {"origin": [9, 8, 16], "axis": "y", "angle": -22.5},
			"faces": {
				"south": {"uv": [10, 8, 13, 12], "texture": "#texture", "cullface": "south"},
				"north": {"uv": [10, 12, 13, 8], "texture": "#texture", "cullface": "south"}
		}},
		{
			"from": [13, 7, 16],
			"to": [14, 9, 16],
			"rotation": {"origin": [9, 8, 16], "axis": "y", "angle": -22.5},
			"faces": {
				"south": {"uv": [13, 9, 14, 11], "texture": "#texture", "cullface": "south"},
				"north": {"uv": [13, 11, 14, 9], "texture": "#texture", "cullface": "south"}
		}}
	]
}