{
	"parent": "block/block",
	"textures": {
		"particle": "block/mangrove_roots_side",
		"side": "block/mangrove_roots_side",
		"top": "block/mangrove_roots_top"
	},
	"elements": [
		{
			"from": [8, 0, 0],
			"to": [8, 16, 16],
			"faces": {
				"west": {"uv": [0, 0, 16, 16], "texture": "#side"},
				"east": {"uv": [0, 0, 16, 16], "texture": "#side"}
		}},
		{
			"from": [0, 0, 0],
			"to": [0.002, 16, 16],
			"faces": {
				"west": {"uv": [0, 0, 16, 16], "texture": "#side", "cullface": "west"},
				"east": {"uv": [16, 0, 0, 16], "texture": "#side", "cullface": "west"}
		}},
		{
			"from": [15.998, 0, 0],
			"to": [16, 16, 16],
			"faces": {
				"west": {"uv": [16, 0, 0, 16], "texture": "#side", "cullface": "east"},
				"east": {"uv": [0, 0, 16, 16], "texture": "#side", "cullface": "east"}
		}},
		{
			"from": [0, 0, 8],
			"to": [16, 16, 8],
			"faces": {
				"north": {"uv": [0, 0, 16, 16], "texture": "#side"},
				"south": {"uv": [0, 0, 16, 16], "texture": "#side"}
		}},
		{
			"from": [0, 0, 0],
			"to": [16, 16, 0.002],
			"faces": {
				"north": {"uv": [0, 0, 16, 16], "texture": "#side", "cullface": "north"},
				"south": {"uv": [16, 0, 0, 16], "texture": "#side", "cullface": "north"}
		}},
		{
			"from": [0, 0, 15.998],
			"to": [16, 16, 16],
			"faces": {
				"north": {"uv": [16, 0, 0, 16], "texture": "#side", "cullface": "south"},
				"south": {"uv": [0, 0, 16, 16], "texture": "#side", "cullface": "south"}
		}},
		{
			"from": [0, 0, 0],
			"to": [16, 0.002, 16],
			"faces": {
				"up": {"uv": [0, 16, 16, 0], "texture": "#top", "cullface": "down"},
				"down": {"uv": [0, 0, 16, 16], "texture": "#top", "cullface": "down"}
		}},
		{
			"from": [0, 15.998, 0],
			"to": [16, 16, 16],
			"faces": {
				"up": {"uv": [0, 0, 16, 16], "texture": "#top", "cullface": "up"},
				"down": {"uv": [0, 16, 16, 0], "texture": "#top", "cullface": "up"}
		}},
		{
			"from": [4, 16, 0],
			"to": [4, 19, 16],
			"faces": {
				"west": {"uv": [1, 0, 4, 16], "texture": "#side", "rotation": 270, "cullface": "up"},
				"east": {"uv": [13, 0, 16, 16], "texture": "#side", "rotation": 90, "cullface": "up"}
		}},
		{
			"from": [12, 16, 0],
			"to": [12, 19, 16],
			"faces": {
				"west": {"uv": [13, 0, 16, 16], "texture": "#side", "rotation": 90, "cullface": "up"},
				"east": {"uv": [1, 0, 4, 16], "texture": "#side", "rotation": 270, "cullface": "up"}
		}},
		{
			"from": [0, 16, 4],
			"to": [16, 19, 4],
			"faces": {
				"north": {"uv": [1, 0, 4, 16], "texture": "#side", "rotation": 270, "cullface": "up"},
				"south": {"uv": [13, 0, 16, 16], "texture": "#side", "rotation": 90, "cullface": "up"}
		}},
		{
			"from": [0, 16, 12],
			"to": [16, 19, 12],
			"faces": {
				"north": {"uv": [13, 0, 16, 16], "texture": "#side", "rotation": 90, "cullface": "up"},
				"south": {"uv": [1, 0, 4, 16], "texture": "#side", "rotation": 270, "cullface": "up"}
		}},
		{
			"from": [4, 0, 0],
			"to": [4, -3, 16],
			"faces": {
				"west": {"uv": [1, 0, 4, 16], "texture": "#side", "rotation": 270, "cullface": "down"},
				"east": {"uv": [13, 0, 16, 16], "texture": "#side", "rotation": 90, "cullface": "down"}
		}},
		{
			"from": [12, 0, 0],
			"to": [12, -3, 16],
			"faces": {
				"west": {"uv": [13, 0, 16, 16], "texture": "#side", "rotation": 90, "cullface": "down"},
				"east": {"uv": [1, 0, 4, 16], "texture": "#side", "rotation": 270, "cullface": "down"}
		}},
		{
			"from": [0, 0, 4],
			"to": [16, -3, 4],
			"faces": {
				"north": {"uv": [1, 0, 4, 16], "texture": "#side", "rotation": 270, "cullface": "down"},
				"south": {"uv": [13, 0, 16, 16], "texture": "#side", "rotation": 90, "cullface": "down"}
		}},
		{
			"from": [0, 0, 12],
			"to": [16, -3, 12],
			"faces": {
				"north": {"uv": [13, 0, 16, 16], "texture": "#side", "rotation": 90, "cullface": "down"},
				"south": {"uv": [1, 0, 4, 16], "texture": "#side", "rotation": 270, "cullface": "down"}
		}},
		{
			"from": [3.992, 0, 16],
			"to": [3.992, 16, 18],
			"faces": {
				"west": {"uv": [1, 0, 3, 16], "texture": "#side", "cullface": "south"},
				"east": {"uv": [3, 0, 1, 16], "texture": "#side", "cullface": "south"}
		}},
		{
			"from": [12.008, 0, 16],
			"to": [12.008, 16, 18],
			"faces": {
				"west": {"uv": [16, 0, 14, 16], "texture": "#side", "cullface": "south"},
				"east": {"uv": [14, 0, 16, 16], "texture": "#side", "cullface": "south"}
		}},
		{
			"from": [3.992, 0, 0],
			"to": [3.992, 16, -2],
			"faces": {
				"west": {"uv": [16, 0, 14, 16], "texture": "#side", "cullface": "north"},
				"east": {"uv": [14, 0, 16, 16], "texture": "#side", "cullface": "north"}
		}},
		{
			"from": [12.008, 0, 0],
			"to": [12.008, 16, -2],
			"faces": {
				"west": {"uv": [1, 0, 3, 16], "texture": "#side", "cullface": "north"},
				"east": {"uv": [3, 0, 1, 16], "texture": "#side", "cullface": "north"}
		}},
		{
			"from": [16, 0, 3.992],
			"to": [18, 16, 3.992],
			"faces": {
				"north": {"uv": [14, 0, 16, 16], "texture": "#side", "cullface": "east"},
				"south": {"uv": [16, 0, 14, 16], "texture": "#side", "cullface": "east"}
		}},
		{
			"from": [16, 0, 12.008],
			"to": [18, 16, 12.008],
			"faces": {
				"north": {"uv": [3, 0, 1, 16], "texture": "#side", "cullface": "east"},
				"south": {"uv": [1, 0, 3, 16], "texture": "#side", "cullface": "east"}
		}},
		{
			"from": [0, 0, 3.992],
			"to": [-2, 16, 3.992],
			"faces": {
				"north": {"uv": [3, 0, 1, 16], "texture": "#side", "cullface": "west"},
				"south": {"uv": [1, 0, 3, 16], "texture": "#side", "cullface": "west"}
		}},
		{
			"from": [0, 0, 12.008],
			"to": [-2, 16, 12.008],
			"faces": {
				"north": {"uv": [14, 0, 16, 16], "texture": "#side", "cullface": "west"},
				"south": {"uv": [16, 0, 14, 16], "texture": "#side", "cullface": "west"}
		}}
	]
}
