{
	"parent": "block/flowerbed_3",
	"textures": {
		"flowerbed": "block/pink_petals",
		"stem": "block/pink_petals_stem"
	},
	"elements": [
		{
			"from": [9.5, 0, 9],
			"to": [9.5, 2, 10],
			"rotation": {"origin": [9.5, 0, 9.5], "axis": "y", "angle": 45},
			"faces": {
				"west": {"uv": [0, 5, 1, 7], "texture": "#stem", "tintindex": 1},
				"east": {"uv": [0, 5, 1, 7], "texture": "#stem", "tintindex": 1}
		}},
		{
			"from": [9, 0, 9.5],
			"to": [10, 2, 9.5],
			"rotation": {"origin": [9.5, 0, 9.5], "axis": "y", "angle": 45},
			"faces": {
				"north": {"uv": [0, 5, 1, 7], "texture": "#stem", "tintindex": 1},
				"south": {"uv": [0, 5, 1, 7], "texture": "#stem", "tintindex": 1}
		}},
		{
			"from": [12, 0, 13.5],
			"to": [12, 2, 14.5],
			"rotation": {"origin": [12, 0, 14], "axis": "y", "angle": 45},
			"faces": {
				"west": {"uv": [0, 5, 1, 7], "texture": "#stem", "tintindex": 1},
				"east": {"uv": [0, 5, 1, 7], "texture": "#stem", "tintindex": 1}
		}},
		{
			"from": [11.5, 0, 14],
			"to": [12.5, 2, 14],
			"rotation": {"origin": [12, 0, 14], "axis": "y", "angle": 45},
			"faces": {
				"north": {"uv": [0, 5, 1, 7], "texture": "#stem", "tintindex": 1},
				"south": {"uv": [0, 5, 1, 7], "texture": "#stem", "tintindex": 1}
		}},
		{
			"from": [14.5, 0, 10],
			"to": [14.5, 2, 11],
			"rotation": {"origin": [14.5, 0, 10.5], "axis": "y", "angle": 45},
			"faces": {
				"west": {"uv": [0, 5, 1, 7], "texture": "#stem", "tintindex": 1},
				"east": {"uv": [0, 5, 1, 7], "texture": "#stem", "tintindex": 1}
		}},
		{
			"from": [14, 0, 10.5],
			"to": [15, 2, 10.5],
			"rotation": {"origin": [14.5, 0, 10.5], "axis": "y", "angle": 45},
			"faces": {
				"north": {"uv": [0, 5, 1, 7], "texture": "#stem", "tintindex": 1},
				"south": {"uv": [0, 5, 1, 7], "texture": "#stem", "tintindex": 1}
		}},
		{
			"from": [9, 2, 9],
			"to": [10, 2, 10],
			"faces": {
				"up": {"uv": [9, 9, 10, 10], "texture": "#flowerbed"},
				"down": {"uv": [9, 10, 10, 9], "texture": "#flowerbed"}
		}},
		{
			"from": [9, 2, 8],
			"to": [10, 2, 9],
			"rotation": {"origin": [0, 2, 9], "axis": "x", "angle": 22.5},
			"faces": {
				"up": {"uv": [9, 8, 10, 9], "texture": "#flowerbed"},
				"down": {"uv": [9, 9, 10, 8], "texture": "#flowerbed"}
		}},
		{
			"from": [9, 2, 10],
			"to": [10, 2, 11],
			"rotation": {"origin": [0, 2, 10], "axis": "x", "angle": -22.5},
			"faces": {
				"up": {"uv": [9, 10, 10, 11], "texture": "#flowerbed"},
				"down": {"uv": [9, 11, 10, 10], "texture": "#flowerbed"}
		}},
		{
			"from": [8, 2, 9],
			"to": [9, 2, 10],
			"rotation": {"origin": [9, 2, 0], "axis": "z", "angle": -22.5},
			"faces": {
				"up": {"uv": [8, 9, 9, 10], "texture": "#flowerbed"},
				"down": {"uv": [8, 10, 9, 9], "texture": "#flowerbed"}
		}},
		{
			"from": [10, 2, 9],
			"to": [11, 2, 10],
			"rotation": {"origin": [10, 2, 0], "axis": "z", "angle": 22.5},
			"faces": {
				"up": {"uv": [10, 9, 11, 10], "texture": "#flowerbed"},
				"down": {"uv": [10, 10, 11, 9], "texture": "#flowerbed"}
		}},
		{
			"from": [11, 2, 13],
			"to": [13, 2, 15],
			"faces": {
				"up": {"uv": [11, 13, 13, 15], "texture": "#flowerbed"},
				"down": {"uv": [11, 15, 13, 13], "texture": "#flowerbed"}
		}},
		{
			"from": [11, 2, 12],
			"to": [13, 2, 13],
			"rotation": {"origin": [0, 2, 13], "axis": "x", "angle": 22.5},
			"faces": {
				"up": {"uv": [11, 12, 13, 13], "texture": "#flowerbed"},
				"down": {"uv": [11, 13, 13, 12], "texture": "#flowerbed"}
		}},
		{
			"from": [11, 2, 15],
			"to": [13, 2, 16],
			"rotation": {"origin": [0, 2, 15], "axis": "x", "angle": -22.5},
			"faces": {
				"up": {"uv": [11, 15, 13, 16], "texture": "#flowerbed"},
				"down": {"uv": [11, 16, 13, 15], "texture": "#flowerbed"}
		}},
		{
			"from": [10, 2, 13],
			"to": [11, 2, 15],
			"rotation": {"origin": [11, 2, 0], "axis": "z", "angle": -22.5},
			"faces": {
				"up": {"uv": [10, 13, 11, 15], "texture": "#flowerbed"},
				"down": {"uv": [10, 15, 11, 13], "texture": "#flowerbed"}
		}},
		{
			"from": [13, 2, 13],
			"to": [14, 2, 15],
			"rotation": {"origin": [13, 2, 0], "axis": "z", "angle": 22.5},
			"faces": {
				"up": {"uv": [13, 13, 14, 15], "texture": "#flowerbed"},
				"down": {"uv": [13, 15, 14, 13], "texture": "#flowerbed"}
		}},
		{
			"from": [14, 2, 10],
			"to": [15, 2, 11],
			"faces": {
				"up": {"uv": [14, 10, 15, 11], "texture": "#flowerbed"},
				"down": {"uv": [14, 11, 15, 10], "texture": "#flowerbed"}
		}},
		{
			"from": [14, 2, 9],
			"to": [15, 2, 10],
			"rotation": {"origin": [0, 2, 10], "axis": "x", "angle": 22.5},
			"faces": {
				"up": {"uv": [14, 9, 15, 10], "texture": "#flowerbed"},
				"down": {"uv": [14, 10, 15, 9], "texture": "#flowerbed"}
		}},
		{
			"from": [14, 2, 11],
			"to": [15, 2, 12],
			"rotation": {"origin": [0, 2, 11], "axis": "x", "angle": -22.5},
			"faces": {
				"up": {"uv": [14, 11, 15, 12], "texture": "#flowerbed"},
				"down": {"uv": [14, 12, 15, 11], "texture": "#flowerbed"}
		}},
		{
			"from": [13, 2, 10],
			"to": [14, 2, 11],
			"rotation": {"origin": [14, 2, 0], "axis": "z", "angle": -22.5},
			"faces": {
				"up": {"uv": [13, 10, 14, 11], "texture": "#flowerbed"},
				"down": {"uv": [13, 11, 14, 10], "texture": "#flowerbed"}
		}},
		{
			"from": [15, 2, 10],
			"to": [16, 2, 11],
			"rotation": {"origin": [15, 2, 0], "axis": "z", "angle": 22.5},
			"faces": {
				"up": {"uv": [15, 10, 16, 11], "texture": "#flowerbed"},
				"down": {"uv": [15, 11, 16, 10], "texture": "#flowerbed"}
		}}
	]
}