{
	"parent": "block/flowerbed_4",
	"textures": {
		"flowerbed": "block/pink_petals",
		"stem": "block/pink_petals_stem"
	},
	"elements": [
		{
			"from": [11.5, 0, 3],
			"to": [11.5, 2, 4],
			"rotation": {"origin": [11.5, 0, 3.5], "axis": "y", "angle": 45},
			"faces": {
				"west": {"uv": [0, 5, 1, 7], "texture": "#stem", "tintindex": 1},
				"east": {"uv": [0, 5, 1, 7], "texture": "#stem", "tintindex": 1}
		}},
		{
			"from": [11, 0, 3.5],
			"to": [12, 2, 3.5],
			"rotation": {"origin": [11.5, 0, 3.5], "axis": "y", "angle": 45},
			"faces": {
				"north": {"uv": [0, 5, 1, 7], "texture": "#stem", "tintindex": 1},
				"south": {"uv": [0, 5, 1, 7], "texture": "#stem", "tintindex": 1}
		}},
		{
			"from": [10, 2, 2],
			"to": [13, 2, 5],
			"faces": {
				"up": {"uv": [10, 2, 13, 5], "texture": "#flowerbed"},
				"down": {"uv": [10, 5, 13, 2], "texture": "#flowerbed"}
		}},
		{
			"from": [10, 2, 0],
			"to": [13, 2, 2],
			"rotation": {"origin": [0, 2, 2], "axis": "x", "angle": 22.5},
			"faces": {
				"up": {"uv": [10, 0, 13, 2], "texture": "#flowerbed"},
				"down": {"uv": [10, 2, 13, 0], "texture": "#flowerbed"}
		}},
		{
			"from": [10, 2, 5],
			"to": [13, 2, 7],
			"rotation": {"origin": [0, 2, 5], "axis": "x", "angle": -22.5},
			"faces": {
				"up": {"uv": [10, 5, 13, 7], "texture": "#flowerbed"},
				"down": {"uv": [10, 7, 13, 5], "texture": "#flowerbed"}
		}},
		{
			"from": [8, 2, 2],
			"to": [10, 2, 5],
			"rotation": {"origin": [10, 2, 0], "axis": "z", "angle": -22.5},
			"faces": {
				"up": {"uv": [8, 2, 10, 5], "texture": "#flowerbed"},
				"down": {"uv": [8, 5, 10, 2], "texture": "#flowerbed"}
		}},
		{
			"from": [13, 2, 2],
			"to": [15, 2, 5],
			"rotation": {"origin": [13, 2, 0], "axis": "z", "angle": 22.5},
			"faces": {
				"up": {"uv": [13, 2, 15, 5], "texture": "#flowerbed"},
				"down": {"uv": [13, 5, 15, 2], "texture": "#flowerbed"}
		}}
	]
}