{
	"parent": "block/flowerbed_2",
	"textures": {
		"flowerbed": "block/pink_petals",
		"stem": "block/pink_petals_stem"
	},
	"elements": [
		{
			"from": [4.5, 0, 11],
			"to": [4.5, 1, 12],
			"rotation": {"origin": [4.5, 0, 11.5], "axis": "y", "angle": 45},
			"faces": {
				"west": {"uv": [0, 6, 1, 7], "texture": "#stem", "tintindex": 1},
				"east": {"uv": [0, 6, 1, 7], "texture": "#stem", "tintindex": 1}
		}},
		{
			"from": [4, 0, 11.5],
			"to": [5, 1, 11.5],
			"rotation": {"origin": [4.5, 0, 11.5], "axis": "y", "angle": 45},
			"faces": {
				"north": {"uv": [0, 6, 1, 7], "texture": "#stem", "tintindex": 1},
				"south": {"uv": [0, 6, 1, 7], "texture": "#stem", "tintindex": 1}
		}},
		{
			"from": [3, 1, 10],
			"to": [6, 1, 13],
			"faces": {
				"up": {"uv": [3, 10, 6, 13], "texture": "#flowerbed"},
				"down": {"uv": [3, 13, 6, 10], "texture": "#flowerbed"}
		}},
		{
			"from": [3, 1, 8],
			"to": [6, 1, 10],
			"rotation": {"origin": [0, 1, 10], "axis": "x", "angle": 22.5},
			"faces": {
				"up": {"uv": [3, 8, 6, 10], "texture": "#flowerbed"},
				"down": {"uv": [3, 10, 6, 8], "texture": "#flowerbed"}
		}},
		{
			"from": [3, 1, 13],
			"to": [6, 1, 15],
			"rotation": {"origin": [0, 1, 13], "axis": "x", "angle": -22.5},
			"faces": {
				"up": {"uv": [3, 13, 6, 15], "texture": "#flowerbed"},
				"down": {"uv": [3, 15, 6, 13], "texture": "#flowerbed"}
		}},
		{
			"from": [1, 1, 10],
			"to": [3, 1, 13],
			"rotation": {"origin": [3, 1, 0], "axis": "z", "angle": -22.5},
			"faces": {
				"up": {"uv": [1, 10, 3, 13], "texture": "#flowerbed"},
				"down": {"uv": [1, 13, 3, 10], "texture": "#flowerbed"}
		}},
		{
			"from": [6, 1, 10],
			"to": [8, 1, 13],
			"rotation": {"origin": [6, 1, 0], "axis": "z", "angle": 22.5},
			"faces": {
				"up": {"uv": [6, 10, 8, 13], "texture": "#flowerbed"},
				"down": {"uv": [6, 13, 8, 10], "texture": "#flowerbed"}
		}}
	]
}