{
	"parent": "block/flowerbed_1",
	"textures": {
		"flowerbed": "block/pink_petals",
		"stem": "block/pink_petals_stem"
	},
	"elements": [
		{
			"from": [1.5, 0, 5],
			"to": [1.5, 2.99, 6],
			"rotation": {"origin": [1.5, 0, 5.5], "axis": "y", "angle": 45},
			"faces": {
				"west": {"uv": [0, 4, 1, 7], "texture": "#stem", "tintindex": 1},
				"east": {"uv": [0, 4, 1, 7], "texture": "#stem", "tintindex": 1}
		}},
		{
			"from": [1, 0, 5.5],
			"to": [2, 2.99, 5.5],
			"rotation": {"origin": [1.5, 0, 5.5], "axis": "y", "angle": 45},
			"faces": {
				"north": {"uv": [0, 4, 1, 7], "texture": "#stem", "tintindex": 1},
				"south": {"uv": [0, 4, 1, 7], "texture": "#stem", "tintindex": 1}
		}},
		{
			"from": [4.5, 0, 1],
			"to": [4.5, 2.99, 2],
			"rotation": {"origin": [4.5, 0, 1.5], "axis": "y", "angle": 45},
			"faces": {
				"west": {"uv": [0, 4, 1, 7], "texture": "#stem", "tintindex": 1},
				"east": {"uv": [0, 4, 1, 7], "texture": "#stem", "tintindex": 1}
		}},
		{
			"from": [4, 0, 1.5],
			"to": [5, 2.99, 1.5],
			"rotation": {"origin": [4.5, 0, 1.5], "axis": "y", "angle": 45},
			"faces": {
				"north": {"uv": [0, 4, 1, 7], "texture": "#stem", "tintindex": 1},
				"south": {"uv": [0, 4, 1, 7], "texture": "#stem", "tintindex": 1}
		}},
		{
			"from": [6.5, 0, 6],
			"to": [6.5, 2.99, 7],
			"rotation": {"origin": [6.5, 0, 6.5], "axis": "y", "angle": 45},
			"faces": {
				"west": {"uv": [0, 4, 1, 7], "texture": "#stem", "tintindex": 1},
				"east": {"uv": [0, 4, 1, 7], "texture": "#stem", "tintindex": 1}
		}},
		{
			"from": [6, 0, 6.5],
			"to": [7, 2.99, 6.5],
			"rotation": {"origin": [6.5, 0, 6.5], "axis": "y", "angle": 45},
			"faces": {
				"north": {"uv": [0, 4, 1, 7], "texture": "#stem", "tintindex": 1},
				"south": {"uv": [0, 4, 1, 7], "texture": "#stem", "tintindex": 1}
		}},
		{
			"from": [1, 2.99, 5],
			"to": [2, 2.99, 6],
			"faces": {
				"up": {"uv": [1, 5, 2, 6], "texture": "#flowerbed"},
				"down": {"uv": [1, 6, 2, 5], "texture": "#flowerbed"}
		}},
		{
			"from": [1, 2.99, 4],
			"to": [2, 2.99, 5],
			"rotation": {"origin": [0, 2.99, 5], "axis": "x", "angle": 22.5},
			"faces": {
				"up": {"uv": [1, 4, 2, 5], "texture": "#flowerbed"},
				"down": {"uv": [1, 5, 2, 4], "texture": "#flowerbed"}
		}},
		{
			"from": [1, 2.99, 6],
			"to": [2, 2.99, 7],
			"rotation": {"origin": [0, 2.99, 6], "axis": "x", "angle": -22.5},
			"faces": {
				"up": {"uv": [1, 6, 2, 7], "texture": "#flowerbed"},
				"down": {"uv": [1, 7, 2, 6], "texture": "#flowerbed"}
		}},
		{
			"from": [0, 2.99, 5],
			"to": [1, 2.99, 6],
			"rotation": {"origin": [1, 2.99, 0], "axis": "z", "angle": -22.5},
			"faces": {
				"up": {"uv": [0, 5, 1, 6], "texture": "#flowerbed"},
				"down": {"uv": [0, 6, 1, 5], "texture": "#flowerbed"}
		}},
		{
			"from": [2, 2.99, 5],
			"to": [3, 2.99, 6],
			"rotation": {"origin": [2, 2.99, 0], "axis": "z", "angle": 22.5},
			"faces": {
				"up": {"uv": [2, 5, 3, 6], "texture": "#flowerbed"},
				"down": {"uv": [2, 6, 3, 5], "texture": "#flowerbed"}
		}},
		{
			"from": [4, 2.99, 1],
			"to": [5, 2.99, 2],
			"faces": {
				"up": {"uv": [4, 1, 5, 2], "texture": "#flowerbed"},
				"down": {"uv": [4, 2, 5, 1], "texture": "#flowerbed"}
		}},
		{
			"from": [4, 2.99, 0],
			"to": [5, 2.99, 1],
			"rotation": {"origin": [0, 2.99, 1], "axis": "x", "angle": 22.5},
			"faces": {
				"up": {"uv": [4, 0, 5, 1], "texture": "#flowerbed"},
				"down": {"uv": [4, 1, 5, 0], "texture": "#flowerbed"}
		}},
		{
			"from": [4, 2.99, 2],
			"to": [5, 2.99, 3],
			"rotation": {"origin": [0, 2.99, 2], "axis": "x", "angle": -22.5},
			"faces": {
				"up": {"uv": [4, 2, 5, 3], "texture": "#flowerbed"},
				"down": {"uv": [4, 3, 5, 2], "texture": "#flowerbed"}
		}},
		{
			"from": [3, 2.99, 1],
			"to": [4, 2.99, 2],
			"rotation": {"origin": [4, 2.99, 0], "axis": "z", "angle": -22.5},
			"faces": {
				"up": {"uv": [3, 1, 4, 2], "texture": "#flowerbed"},
				"down": {"uv": [3, 2, 4, 1], "texture": "#flowerbed"}
		}},
		{
			"from": [5, 2.99, 1],
			"to": [6, 2.99, 2],
			"rotation": {"origin": [5, 2.99, 0], "axis": "z", "angle": 22.5},
			"faces": {
				"up": {"uv": [5, 1, 6, 2], "texture": "#flowerbed"},
				"down": {"uv": [5, 2, 6, 1], "texture": "#flowerbed"}
		}},
		{
			"from": [6, 2.99, 6],
			"to": [7, 2.99, 7],
			"faces": {
				"up": {"uv": [6, 6, 7, 7], "texture": "#flowerbed"},
				"down": {"uv": [6, 7, 7, 6], "texture": "#flowerbed"}
		}},
		{
			"from": [6, 2.99, 5],
			"to": [7, 2.99, 6],
			"rotation": {"origin": [0, 2.99, 6], "axis": "x", "angle": 22.5},
			"faces": {
				"up": {"uv": [6, 5, 7, 6], "texture": "#flowerbed"},
				"down": {"uv": [6, 6, 7, 5], "texture": "#flowerbed"}
		}},
		{
			"from": [6, 2.99, 7],
			"to": [7, 2.99, 8],
			"rotation": {"origin": [0, 2.99, 7], "axis": "x", "angle": -22.5},
			"faces": {
				"up": {"uv": [6, 7, 7, 8], "texture": "#flowerbed"},
				"down": {"uv": [6, 8, 7, 7], "texture": "#flowerbed"}
		}},
		{
			"from": [5, 2.99, 6],
			"to": [6, 2.99, 7],
			"rotation": {"origin": [6, 2.99, 0], "axis": "z", "angle": -22.5},
			"faces": {
				"up": {"uv": [5, 6, 6, 7], "texture": "#flowerbed"},
				"down": {"uv": [5, 7, 6, 6], "texture": "#flowerbed"}
		}},
		{
			"from": [7, 2.99, 6],
			"to": [8, 2.99, 7],
			"rotation": {"origin": [7, 2.99, 0], "axis": "z", "angle": 22.5},
			"faces": {
				"up": {"uv": [7, 6, 8, 7], "texture": "#flowerbed"},
				"down": {"uv": [7, 7, 8, 6], "texture": "#flowerbed"}
		}}
	]
}