{
	"ambientocclusion": false,
	"textures": {
		"particle": "block/sunflower_front",
		"stem": "block/sunflower_top",
		"front": "block/sunflower_front",
		"back": "block/sunflower_back"
	},
	"elements": [
		{
			"from": [7, 0, 7],
			"to": [9, 8, 9],
			"shade": false,
			"faces": {
				"west": {"uv": [7, 8, 9, 16], "texture": "#stem"},
				"east": {"uv": [7, 8, 9, 16], "texture": "#stem"},
				"north": {"uv": [7, 8, 9, 16], "texture": "#stem"},
				"south": {"uv": [7, 8, 9, 16], "texture": "#stem"},
				"up": {"uv": [7, 6, 9, 8], "texture": "#stem"}
		}},
		{
			"from": [8, 0, 0.8],
			"to": [8, 8, 7],
			"rotation": {"origin": [8, 8, 8], "axis": "y", "angle": 45, "rescale": true},
			"shade": false,
			"faces": {
				"west": {"uv": [0, 8, 7, 16], "texture": "#stem"},
				"east": {"uv": [9, 8, 16, 16], "texture": "#stem"}
		}},
		{
			"from": [8, 0, 9],
			"to": [8, 8, 15.2],
			"rotation": {"origin": [8, 8, 8], "axis": "y", "angle": 45, "rescale": true},
			"shade": false,
			"faces": {
				"west": {"uv": [9, 8, 16, 16], "texture": "#stem"},
				"east": {"uv": [0, 8, 7, 16], "texture": "#stem"}
		}},
		{
			"from": [0.8, 0, 8],
			"to": [7, 8, 8],
			"rotation": {"origin": [8, 8, 8], "axis": "y", "angle": 45, "rescale": true},
			"shade": false,
			"faces": {
				"north": {"uv": [9, 8, 16, 16], "texture": "#stem"},
				"south": {"uv": [0, 8, 7, 16], "texture": "#stem"}
		}},
		{
			"from": [9, 0, 8],
			"to": [15.2, 8, 8],
			"rotation": {"origin": [8, 8, 8], "axis": "y", "angle": 45, "rescale": true},
			"shade": false,
			"faces": {
				"north": {"uv": [0, 8, 7, 16], "texture": "#stem"},
				"south": {"uv": [9, 8, 16, 16], "texture": "#stem"}
		}},
		{
			"from": [9, 0.6, 0],
			"to": [9, 16.6, 16],
			"rotation": {"origin": [8, 8, 8], "axis": "z", "angle": 22.5, "rescale": true},
			"shade": false,
			"faces": {
				"west": {"uv": [0, 0, 16, 16], "texture": "#back"},
				"east": {"uv": [0, 0, 16, 16], "texture": "#front"}
		}}
	]
}