{
	"ambientocclusion": false,
	"textures": {
		"particle": "block/sweet_berry_bush_stage3",
		"cross": "block/sweet_berry_bush_stage3"
	},
	"elements": [
		{
			"from": [2, 0, 0],
			"to": [2, 16, 16],
			"shade": false,
			"faces": {
				"west": {"uv": [0, 0, 16, 16], "texture": "#cross"},
				"east": {"uv": [0, 0, 16, 16], "texture": "#cross"}
		}},
		{
			"from": [14, 0, 0],
			"to": [14, 16, 16],
			"shade": false,
			"faces": {
				"west": {"uv": [0, 0, 16, 16], "texture": "#cross"},
				"east": {"uv": [0, 0, 16, 16], "texture": "#cross"}
		}},
		{
			"from": [0, 0, 2],
			"to": [16, 16, 2],
			"shade": false,
			"faces": {
				"north": {"uv": [0, 0, 16, 16], "texture": "#cross"},
				"south": {"uv": [0, 0, 16, 16], "texture": "#cross"}
		}},
		{
			"from": [0, 0, 14],
			"to": [16, 16, 14],
			"shade": false,
			"faces": {
				"north": {"uv": [0, 0, 16, 16], "texture": "#cross"},
				"south": {"uv": [0, 0, 16, 16], "texture": "#cross"}
		}},
		{
			"from": [2, 14, 2],
			"to": [14, 14, 14],
			"shade": false,
			"faces": {
				"up": {"uv": [2, 2, 14, 14], "texture": "#cross"},
				"down": {"uv": [2, 2, 14, 14], "texture": "#cross"}
		}},
		{
			"from": [2, 2, 2],
			"to": [14, 4, 14],
			"shade": false,
			"faces": {
				"up": {"uv": [2, 2, 14, 14], "texture": "#cross"},
				"down": {"uv": [2, 2, 14, 14], "texture": "#cross"}
		}}
	]
}