{
	"ambientocclusion": false,
	"textures": {
		"particle": "block/sweet_berry_bush_stage1",
		"cross": "block/sweet_berry_bush_stage1"
	},
	"elements": [
		{
			"from": [3, 0, 0],
			"to": [3, 16, 16],
			"shade": false,
			"faces": {
				"west": {"uv": [0, 0, 16, 16], "texture": "#cross"},
				"east": {"uv": [0, 0, 16, 16], "texture": "#cross"}
		}},
		{
			"from": [13, 0, 0],
			"to": [13, 16, 16],
			"shade": false,
			"faces": {
				"west": {"uv": [0, 0, 16, 16], "texture": "#cross"},
				"east": {"uv": [0, 0, 16, 16], "texture": "#cross"}
		}},
		{
			"from": [0, 0, 3],
			"to": [16, 16, 3],
			"shade": false,
			"faces": {
				"north": {"uv": [0, 0, 16, 16], "texture": "#cross"},
				"south": {"uv": [0, 0, 16, 16], "texture": "#cross"}
		}},
		{
			"from": [0, 0, 13],
			"to": [16, 16, 13],
			"shade": false,
			"faces": {
				"north": {"uv": [0, 0, 16, 16], "texture": "#cross"},
				"south": {"uv": [0, 0, 16, 16], "texture": "#cross"}
		}},
		{
			"from": [3, 14, 3],
			"to": [13, 14, 13],
			"shade": false,
			"faces": {
				"up": {"uv": [3, 3, 13, 13], "texture": "#cross"},
				"down": {"uv": [3, 3, 13, 13], "texture": "#cross"}
		}},
		{
			"from": [3, 2, 3],
			"to": [13, 4, 13],
			"shade": false,
			"faces": {
				"up": {"uv": [3, 3, 13, 13], "texture": "#cross"},
				"down": {"uv": [3, 3, 13, 13], "texture": "#cross"}
		}}
	]
}