{
	"ambientocclusion": false,
	"textures": {
		"particle": "#cross"
	},
	"elements": [
		{
			"from": [4.048, 0, 0],
			"to": [4.048, 16, 16],
			"shade": false,
			"faces": {
				"west": {"uv": [0, 0, 16, 16], "texture": "#cross", "tintindex": 0},
				"east": {"uv": [0, 0, 16, 16], "texture": "#cross", "tintindex": 0}
		}},
		{
			"from": [11.952, 0, 0],
			"to": [11.952, 16, 16],
			"shade": false,
			"faces": {
				"west": {"uv": [0, 0, 16, 16], "texture": "#cross", "tintindex": 0},
				"east": {"uv": [0, 0, 16, 16], "texture": "#cross", "tintindex": 0}
		}},
		{
			"from": [0, 0, 4.048],
			"to": [16, 16, 4.048],
			"shade": false,
			"faces": {
				"north": {"uv": [0, 0, 16, 16], "texture": "#cross", "tintindex": 0},
				"south": {"uv": [0, 0, 16, 16], "texture": "#cross", "tintindex": 0}
		}},
		{
			"from": [0, 0, 11.952],
			"to": [16, 16, 11.952],
			"shade": false,
			"faces": {
				"north": {"uv": [0, 0, 16, 16], "texture": "#cross", "tintindex": 0},
				"south": {"uv": [0, 0, 16, 16], "texture": "#cross", "tintindex": 0}
		}}
	]
}