{
	"ambientocclusion": false,
	"textures": {
		"particle": "block/vine",
		"vine": "block/vine"
	},
	"elements": [
		{
			"from": [0, 0, 0.1],
			"to": [16, 16, 0.1],
			"faces": {
				"north": {"uv": [16, 0, 0, 16], "texture": "#vine", "tintindex": 0},
				"south": {"uv": [0, 0, 16, 16], "texture": "#vine", "tintindex": 0}
		}},
		{
			"from": [0, 1, 0.1],
			"to": [2, 3, 0.1],
			"rotation": {"origin": [8, 3, 0.1], "axis": "x", "angle": -22.5},
			"faces": {
				"north": {"uv": [3, 12, 1, 14], "texture": "#vine", "tintindex": 0},
				"south": {"uv": [1, 12, 3, 14], "texture": "#vine", "tintindex": 0}
		}},
		{
			"from": [1, 11, 0.1],
			"to": [3, 13, 0.1],
			"rotation": {"origin": [8, 13, 0.1], "axis": "x", "angle": -22.5},
			"faces": {
				"north": {"uv": [2, 2, 0, 4], "texture": "#vine", "tintindex": 0},
				"south": {"uv": [0, 2, 2, 4], "texture": "#vine", "tintindex": 0}
		}},
		{
			"from": [6, 6, 0.1],
			"to": [8, 8, 0.1],
			"rotation": {"origin": [8, 8, 0.1], "axis": "x", "angle": -22.5},
			"faces": {
				"north": {"uv": [7, 7, 5, 9], "texture": "#vine", "tintindex": 0},
				"south": {"uv": [5, 7, 7, 9], "texture": "#vine", "tintindex": 0}
		}},
		{
			"from": [6, 13, 0.1],
			"to": [8, 15, 0.1],
			"rotation": {"origin": [8, 15, 0.1], "axis": "x", "angle": -22.5},
			"faces": {
				"north": {"uv": [7, 0, 5, 2], "texture": "#vine", "tintindex": 0},
				"south": {"uv": [5, 0, 7, 2], "texture": "#vine", "tintindex": 0}
		}},
		{
			"from": [8, 2, 0.1],
			"to": [10, 4, 0.1],
			"rotation": {"origin": [8, 4, 0.1], "axis": "x", "angle": -22.5},
			"faces": {
				"north": {"uv": [11, 11, 9, 13], "texture": "#vine", "tintindex": 0},
				"south": {"uv": [9, 11, 11, 13], "texture": "#vine", "tintindex": 0}
		}},
		{
			"from": [8, 11, 0.1],
			"to": [10, 13, 0.1],
			"rotation": {"origin": [8, 13, 0.1], "axis": "x", "angle": -22.5},
			"faces": {
				"north": {"uv": [11, 2, 9, 4], "texture": "#vine", "tintindex": 0},
				"south": {"uv": [9, 2, 11, 4], "texture": "#vine", "tintindex": 0}
		}},
		{
			"from": [13, 6, 0.1],
			"to": [15, 8, 0.1],
			"rotation": {"origin": [8, 8, 0.1], "axis": "x", "angle": -22.5},
			"faces": {
				"north": {"uv": [14, 7, 12, 9], "texture": "#vine", "tintindex": 0},
				"south": {"uv": [12, 7, 14, 9], "texture": "#vine", "tintindex": 0}
		}},
		{
			"from": [14, 13, 0.1],
			"to": [16, 15, 0.1],
			"rotation": {"origin": [8, 15, 0.1], "axis": "x", "angle": -22.5},
			"faces": {
				"north": {"uv": [15, 0, 13, 2], "texture": "#vine", "tintindex": 0},
				"south": {"uv": [13, 0, 15, 2], "texture": "#vine", "tintindex": 0}
		}}
	]
}