{
	"credit": "Made with Blockbench",
	"textures": {
		"0": "item/armadillo_scute_hand",
		"particle": "item/armadillo_scute_hand"
	},
	"elements": [
		{
			"from": [5, 2, 7],
			"to": [11, 3, 10],
			"rotation": {"angle": 0, "axis": "y", "origin": [7, 2, 7]},
			"faces": {
				"north": {"uv": [0, 6, 6, 7], "texture": "#0"},
				"east": {"uv": [0, 8, 3, 9], "texture": "#0"},
				"south": {"uv": [6, 0, 12, 1], "texture": "#0"},
				"west": {"uv": [3, 8, 6, 9], "texture": "#0"},
				"up": {"uv": [6, 3, 0, 0], "texture": "#0"},
				"down": {"uv": [6, 3, 0, 6], "texture": "#0"}
			}
		},
		{
			"from": [6, 2, 6],
			"to": [10, 3, 7],
			"rotation": {"angle": 0, "axis": "y", "origin": [7, 2, 5]},
			"faces": {
				"north": {"uv": [6, 1, 10, 2], "texture": "#0"},
				"east": {"uv": [2, 9, 3, 10], "texture": "#0"},
				"south": {"uv": [6, 2, 10, 3], "texture": "#0"},
				"west": {"uv": [3, 9, 4, 10], "texture": "#0"},
				"up": {"uv": [10, 4, 6, 3], "texture": "#0"},
				"down": {"uv": [10, 4, 6, 5], "texture": "#0"}
			}
		},
		{
			"from": [6, 2, 10],
			"to": [10, 3, 11],
			"rotation": {"angle": 0, "axis": "y", "origin": [7, 2, 9]},
			"faces": {
				"north": {"uv": [6, 5, 10, 6], "texture": "#0"},
				"east": {"uv": [4, 9, 5, 10], "texture": "#0"},
				"south": {"uv": [6, 6, 10, 7], "texture": "#0"},
				"west": {"uv": [5, 9, 6, 10], "texture": "#0"},
				"up": {"uv": [4, 8, 0, 7], "texture": "#0"},
				"down": {"uv": [8, 7, 4, 8], "texture": "#0"}
			}
		},
		{
			"from": [7, 2, 5],
			"to": [9, 3, 6],
			"rotation": {"angle": 0, "axis": "y", "origin": [7, 2, 4]},
			"faces": {
				"north": {"uv": [6, 8, 8, 9], "texture": "#0"},
				"east": {"uv": [6, 9, 7, 10], "texture": "#0"},
				"south": {"uv": [8, 7, 10, 8], "texture": "#0"},
				"west": {"uv": [7, 9, 8, 10], "texture": "#0"},
				"up": {"uv": [10, 9, 8, 8], "texture": "#0"},
				"down": {"uv": [2, 9, 0, 10], "texture": "#0"}
			}
		}
	],
	"display": {
		"thirdperson_righthand": {
			"translation": [0, 3, 1],
			"scale": [0.5, 0.5, 0.5]
		},
		"thirdperson_lefthand": {
			"translation": [0, 3, 1],
			"scale": [0.5, 0.5, 0.5]
		},
		"firstperson_righthand": {
			"rotation": [-23.41, 70.62, 4.96],
			"translation": [0.75, 7, 1.25],
			"scale": [0.8, 0.8, 0.8]
		},
		"firstperson_lefthand": {
			"rotation": [-23.41, 70.62, 4.96],
			"translation": [0.75, 7, 1.25],
			"scale": [0.8, 0.8, 0.8]
		}
	},
	"groups": [
		{
			"name": "scute",
			"origin": [7, 0, 8],
			"color": 0,
			"children": [0, 1, 2, 3]
		}
	]
}