{
	"credit": "Made with Blockbench",
	"texture_size": [32, 32],
	"textures": {
		"0": "item/blue_egg_hand",
		"particle": "item/blue_egg_hand"
	},
	"elements": [
		{
			"from": [5, 1, 5],
			"to": [11, 9, 11],
			"rotation": {"angle": 0, "axis": "y", "origin": [5, 1, 5]},
			"faces": {
				"north": {"uv": [3, 0, 6, 4], "texture": "#0"},
				"east": {"uv": [3, 0, 6, 4], "texture": "#0"},
				"south": {"uv": [3, 0, 6, 4], "texture": "#0"},
				"west": {"uv": [3, 0, 6, 4], "texture": "#0"},
				"up": {"uv": [9, 3, 6, 0], "texture": "#0"},
				"down": {"uv": [9, 3, 6, 6], "texture": "#0"}
			}
		}
	],
	"display": {
		"thirdperson_righthand": {
			"rotation": [0, 138, 0],
			"translation": [0, 4.25, 1],
			"scale": [0.53, 0.53, 0.53]
		},
		"thirdperson_lefthand": {
			"rotation": [0, 138, 0],
			"translation": [0, 4.25, 1],
			"scale": [0.53, 0.53, 0.53]
		},
		"firstperson_righthand": {
			"rotation": [-7, 99, 2],
			"translation": [-0.25, 5.5, 2],
			"scale": [0.52, 0.52, 0.62]
		},
		"firstperson_lefthand": {
			"rotation": [-7, 99, 2],
			"translation": [-0.25, 5.5, 2],
			"scale": [0.52, 0.52, 0.62]
		},
		"ground": {
			"translation": [0, 4, 0],
			"scale": [0.7, 0.7, 0.7]
		},
		"gui": {
			"rotation": [30, -135, 0],
			"translation": [0, 3.75, 0]
		},
		"head": {
			"translation": [0, 7.75, 0]
		}
	},
	"groups": [
		{
			"name": "egg",
			"origin": [8, 8, 8],
			"color": 0,
			"children": [0]
		}
	]
}