{
	"credit": "Made with Blockbench",
	"texture_size": [32, 32],
	"textures": {
		"0": "item/blue_dye_hand",
		"particle": "item/blue_dye_hand"
	},
	"elements": [
		{
			"from": [3, 1, 4],
			"to": [11, 3, 12],
			"rotation": {"angle": 0, "axis": "y", "origin": [3, 1, 4]},
			"faces": {
				"north": {"uv": [5.5, 0, 9.5, 1], "texture": "#0"},
				"east": {"uv": [5.5, 1, 9.5, 2], "texture": "#0"},
				"south": {"uv": [5.5, 2, 9.5, 3], "texture": "#0"},
				"west": {"uv": [5.5, 3, 9.5, 4], "texture": "#0"},
				"up": {"uv": [4, 4, 0, 0], "texture": "#0"},
				"down": {"uv": [4, 4, 0, 8], "texture": "#0"}
			}
		},
		{
			"from": [7, 3, 5],
			"to": [10, 5, 11],
			"rotation": {"angle": 0, "axis": "y", "origin": [8, 3, 5]},
			"faces": {
				"north": {"uv": [9.5, 1.5, 11, 2.5], "texture": "#0"},
				"east": {"uv": [6, 6, 9, 7], "texture": "#0"},
				"south": {"uv": [9.5, 2.5, 11, 3.5], "texture": "#0"},
				"west": {"uv": [6, 7, 9, 8], "texture": "#0"},
				"up": {"uv": [5.5, 3, 4, 0], "texture": "#0"},
				"down": {"uv": [5.5, 3, 4, 6], "texture": "#0"}
			}
		},
		{
			"from": [4, 3, 8],
			"to": [7, 6, 11],
			"rotation": {"angle": 0, "axis": "y", "origin": [5, 3, 5]},
			"faces": {
				"north": {"uv": [6, 8, 7.5, 9.5], "texture": "#0"},
				"east": {"uv": [7.5, 8, 9, 9.5], "texture": "#0"},
				"south": {"uv": [9, 5.5, 10.5, 7], "texture": "#0"},
				"west": {"uv": [9, 7, 10.5, 8.5], "texture": "#0"},
				"up": {"uv": [10.5, 10, 9, 8.5], "texture": "#0"},
				"down": {"uv": [1.5, 9.5, 0, 11], "texture": "#0"}
			}
		},
		{
			"from": [4, 3, 5],
			"to": [7, 4, 8],
			"rotation": {"angle": 0, "axis": "y", "origin": [5, 3, 2]},
			"faces": {
				"north": {"uv": [7.5, 5.5, 9, 6], "texture": "#0"},
				"east": {"uv": [3, 9.5, 4.5, 10], "texture": "#0"},
				"south": {"uv": [9.5, 3.5, 11, 4], "texture": "#0"},
				"west": {"uv": [9.5, 4, 11, 4.5], "texture": "#0"},
				"up": {"uv": [11, 1.5, 9.5, 0], "texture": "#0"},
				"down": {"uv": [3, 9.5, 1.5, 11], "texture": "#0"}
			}
		},
		{
			"from": [5, 4, 6],
			"to": [9, 7, 10],
			"rotation": {"angle": 0, "axis": "y", "origin": [6, 4, 7]},
			"faces": {
				"north": {"uv": [7.5, 4, 9.5, 5.5], "texture": "#0"},
				"east": {"uv": [0, 8, 2, 9.5], "texture": "#0"},
				"south": {"uv": [2, 8, 4, 9.5], "texture": "#0"},
				"west": {"uv": [4, 8, 6, 9.5], "texture": "#0"},
				"up": {"uv": [7.5, 6, 5.5, 4], "texture": "#0"},
				"down": {"uv": [6, 6, 4, 8], "texture": "#0"}
			}
		}
	],
	"display": {
		"thirdperson_righthand": {
			"translation": [0.75, 5.25, 2.75],
			"scale": [0.75, 0.75, 0.75]
		},
		"thirdperson_lefthand": {
			"translation": [0.75, 5.25, 2.75],
			"scale": [0.75, 0.75, 0.75]
		},
		"firstperson_righthand": {
			"rotation": [-23.41, 70.62, 4.96],
			"translation": [0.75, 7, 1.25],
			"scale": [0.8, 0.8, 0.8]
		},
		"firstperson_lefthand": {
			"rotation": [-23.41, 70.62, 4.96],
			"translation": [0.75, 7, 1.25],
			"scale": [0.8, 0.8, 0.8]
		}
	},
	"groups": [
		{
			"name": "dye",
			"origin": [7, 4, 7],
			"color": 0,
			"children": [0, 1, 2, 3, 4]
		}
	]
}