{
	"credit": "Made with Blockbench",
	"textures": {
		"0": "item/bone_hand",
		"particle": "item/bone_hand"
	},
	"elements": [
		{
			"from": [6.5, -4.5, 7],
			"to": [9.5, 3.5, 9],
			"rotation": {"angle": 0, "axis": "y", "origin": [7.5, -4.5, 7]},
			"faces": {
				"north": {"uv": [0, 0, 3, 8], "texture": "#0"},
				"east": {"uv": [6, 0, 8, 8], "texture": "#0"},
				"south": {"uv": [0, 0, 3, 8], "texture": "#0"},
				"west": {"uv": [8, 0, 10, 8], "texture": "#0"},
				"up": {"uv": [3, 10, 0, 8], "texture": "#0"},
				"down": {"uv": [13, 0, 10, 2], "texture": "#0"}
			}
		},
		{
			"from": [5.5, -7.5, 6.5],
			"to": [10.5, -4.5, 9.5],
			"rotation": {"angle": 0, "axis": "y", "origin": [8.5, -7.5, 7.5]},
			"faces": {
				"north": {"uv": [15, 12, 10, 9], "texture": "#0"},
				"east": {"uv": [13, 15, 16, 12], "texture": "#0"},
				"south": {"uv": [10, 9, 15, 6], "texture": "#0"},
				"west": {"uv": [13, 15, 16, 12], "texture": "#0"},
				"up": {"uv": [10, 14, 5, 11], "texture": "#0"},
				"down": {"uv": [5, 11, 0, 14], "texture": "#0"}
			}
		},
		{
			"from": [5.5, 3.5, 6.5],
			"to": [10.5, 6.5, 9.5],
			"rotation": {"angle": 0, "axis": "y", "origin": [8.5, 3.5, 7.5]},
			"faces": {
				"north": {"uv": [10, 6, 15, 9], "texture": "#0"},
				"east": {"uv": [13, 3, 16, 6], "texture": "#0"},
				"south": {"uv": [10, 9, 15, 12], "texture": "#0"},
				"west": {"uv": [13, 12, 16, 15], "texture": "#0"},
				"up": {"uv": [5, 14, 0, 11], "texture": "#0"},
				"down": {"uv": [10, 11, 5, 14], "texture": "#0"}
			}
		},
		{
			"from": [5.5, 3.5, 6.5],
			"to": [10.5, 6.5, 9.5],
			"rotation": {"angle": 0, "axis": "y", "origin": [8.5, 3.5, 7.5]},
			"faces": {
				"north": {"uv": [10, 6, 15, 9], "texture": "#0"},
				"east": {"uv": [13, 3, 16, 6], "texture": "#0"},
				"south": {"uv": [10, 9, 15, 12], "texture": "#0"},
				"west": {"uv": [13, 12, 16, 15], "texture": "#0"},
				"up": {"uv": [5, 14, 0, 11], "texture": "#0"},
				"down": {"uv": [10, 11, 5, 14], "texture": "#0"}
			}
		}
	],
	"display": {
		"thirdperson_righthand": {
			"translation": [0, 4.75, 1],
			"scale": [0.79, 0.79, 0.79]
		},
		"thirdperson_lefthand": {
			"translation": [0, 4.75, 1],
			"scale": [0.79, 0.79, 0.79]
		},
		"firstperson_righthand": {
			"rotation": [168.42, 76.25, 170.38],
			"translation": [0.75, 7, 1.25],
			"scale": [0.8, 0.8, 0.8]
		},
		"firstperson_lefthand": {
			"rotation": [168.42, 76.25, 170.38],
			"translation": [0.75, 7, 1.25],
			"scale": [0.8, 0.8, 0.8]
		},
		"gui": {
			"rotation": [30, 45, 0],
			"translation": [0, 7.25, 0]
		}
	},
	"groups": [
		{
			"name": "handle",
			"origin": [7.5, 0, 7.5],
			"color": 0,
			"children": [0, 1, 2, 3]
		}
	]
}