{
	"credit": "Made with Blockbench",
	"texture_size": [32, 32],
	"textures": {
		"0": "item/bone_meal_hand",
		"particle": "item/bone_meal_hand"
	},
	"elements": [
		{
			"from": [4, 3, 5],
			"to": [10, 5, 11],
			"rotation": {"angle": 0, "axis": "y", "origin": [6, 3, 7]},
			"faces": {
				"north": {"uv": [3, 4, 6, 5], "texture": "#0"},
				"east": {"uv": [5, 0, 8, 1], "texture": "#0"},
				"south": {"uv": [5, 1, 8, 2], "texture": "#0"},
				"west": {"uv": [5, 2, 8, 3], "texture": "#0"},
				"up": {"uv": [3, 3, 0, 0], "texture": "#0"},
				"down": {"uv": [3, 3, 0, 6], "texture": "#0"}
			}
		},
		{
			"from": [5, 5, 6],
			"to": [9, 7, 10],
			"rotation": {"angle": 0, "axis": "y", "origin": [6, 6, 7]},
			"faces": {
				"north": {"uv": [3, 5, 5, 6], "texture": "#0"},
				"east": {"uv": [5, 3, 7, 4], "texture": "#0"},
				"south": {"uv": [5, 5, 7, 6], "texture": "#0"},
				"west": {"uv": [0, 6, 2, 7], "texture": "#0"},
				"up": {"uv": [5, 2, 3, 0], "texture": "#0"},
				"down": {"uv": [5, 2, 3, 4], "texture": "#0"}
			}
		},
		{
			"from": [5.01, 5, 3],
			"to": [7.01, 7, 6],
			"rotation": {"angle": 22.5, "axis": "x", "origin": [5.1, 5, 3]},
			"faces": {
				"north": {"uv": [8, 0, 9, 1], "texture": "#0"},
				"east": {"uv": [2, 6, 3.5, 7], "texture": "#0"},
				"south": {"uv": [1, 8, 2, 9], "texture": "#0"},
				"west": {"uv": [3.5, 6, 5, 7], "texture": "#0"},
				"up": {"uv": [6, 7.5, 5, 6], "texture": "#0"},
				"down": {"uv": [7, 6, 6, 7.5], "texture": "#0"}
			}
		},
		{
			"from": [4.51, 5.36, 1.1],
			"to": [7.51, 7.36, 3.1],
			"rotation": {"angle": 22.5, "axis": "x", "origin": [4.6, 5.3, 2.1]},
			"faces": {
				"north": {"uv": [6, 4, 7.5, 5], "texture": "#0"},
				"east": {"uv": [8, 1, 9, 2], "texture": "#0"},
				"south": {"uv": [0, 7, 1.5, 8], "texture": "#0"},
				"west": {"uv": [2, 8, 3, 9], "texture": "#0"},
				"up": {"uv": [3, 8, 1.5, 7], "texture": "#0"},
				"down": {"uv": [4.5, 7, 3, 8], "texture": "#0"}
			}
		},
		{
			"from": [10.6, 6.36, 6.51],
			"to": [12.6, 8.36, 9.51],
			"rotation": {"angle": 45, "axis": "z", "origin": [11.6, 6.3, 6.6]},
			"faces": {
				"north": {"uv": [7, 8, 8, 9], "texture": "#0"},
				"east": {"uv": [7.5, 4, 9, 5], "texture": "#0"},
				"south": {"uv": [8, 8, 9, 9], "texture": "#0"},
				"west": {"uv": [4.5, 7.5, 6, 8.5], "texture": "#0"},
				"up": {"uv": [7, 9, 6, 7.5], "texture": "#0"},
				"down": {"uv": [1, 8, 0, 9.5], "texture": "#0"}
			}
		},
		{
			"from": [8.5, 4.25, 7],
			"to": [11.5, 6.25, 9],
			"rotation": {"angle": 45, "axis": "z", "origin": [9.5, 4.25, 7]},
			"faces": {
				"north": {"uv": [7, 3, 8.5, 4], "texture": "#0"},
				"east": {"uv": [8, 2, 9, 3], "texture": "#0"},
				"south": {"uv": [7, 5, 8.5, 6], "texture": "#0"},
				"west": {"uv": [3, 8, 4, 9], "texture": "#0"},
				"up": {"uv": [8.5, 7, 7, 6], "texture": "#0"},
				"down": {"uv": [8.5, 7, 7, 8], "texture": "#0"}
			}
		},
		{
			"from": [9, 3, 4],
			"to": [11, 4, 6],
			"rotation": {"angle": 0, "axis": "y", "origin": [9, 2, 4]},
			"faces": {
				"north": {"uv": [8.5, 6, 9.5, 6.5], "texture": "#0"},
				"east": {"uv": [8.5, 6.5, 9.5, 7], "texture": "#0"},
				"south": {"uv": [8.5, 7, 9.5, 7.5], "texture": "#0"},
				"west": {"uv": [8.5, 7.5, 9.5, 8], "texture": "#0"},
				"up": {"uv": [9.5, 4, 8.5, 3], "texture": "#0"},
				"down": {"uv": [5, 8.5, 4, 9.5], "texture": "#0"}
			}
		},
		{
			"from": [4, 5, 9],
			"to": [6, 6, 11],
			"rotation": {"angle": 0, "axis": "y", "origin": [4, 5, 9]},
			"faces": {
				"north": {"uv": [9, 0, 10, 0.5], "texture": "#0"},
				"east": {"uv": [9, 0.5, 10, 1], "texture": "#0"},
				"south": {"uv": [1, 9, 2, 9.5], "texture": "#0"},
				"west": {"uv": [9, 1, 10, 1.5], "texture": "#0"},
				"up": {"uv": [6, 9.5, 5, 8.5], "texture": "#0"},
				"down": {"uv": [9.5, 5, 8.5, 6], "texture": "#0"}
			}
		},
		{
			"from": [3, 1, 4],
			"to": [11, 3, 12],
			"rotation": {"angle": 0, "axis": "y", "origin": [3, 1, 4]},
			"faces": {
				"north": {"uv": [9, 1.5, 13, 2.5], "texture": "#0"},
				"east": {"uv": [9, 4, 13, 5], "texture": "#0"},
				"south": {"uv": [9, 8, 13, 9], "texture": "#0"},
				"west": {"uv": [9.5, 2.5, 13.5, 3.5], "texture": "#0"},
				"up": {"uv": [10, 13, 6, 9], "texture": "#0"},
				"down": {"uv": [4, 9.5, 0, 13.5], "texture": "#0"}
			}
		}
	],
	"display": {
		"thirdperson_righthand": {
			"translation": [0.75, 5.25, 2.75],
			"scale": [0.75, 0.75, 0.75]
		},
		"thirdperson_lefthand": {
			"translation": [0.75, 5.25, 2.75],
			"scale": [0.75, 0.75, 0.75]
		},
		"firstperson_righthand": {
			"rotation": [-23.41, 70.62, 4.96],
			"translation": [0.75, 7, 1.25],
			"scale": [0.8, 0.8, 0.8]
		},
		"firstperson_lefthand": {
			"rotation": [-23.41, 70.62, 4.96],
			"translation": [0.75, 7, 1.25],
			"scale": [0.8, 0.8, 0.8]
		}
	},
	"groups": [
		{
			"name": "bone",
			"origin": [5, 2, 9],
			"color": 0,
			"children": [0, 1, 2, 3, 4, 5, 6, 7, 8]
		}
	]
}