{
	"credit": "Made with Blockbench",
	"texture_size": [32, 32],
	"textures": {
		"0": "item/book_hand",
		"particle": "item/book_hand"
	},
	"elements": [
		{
			"from": [4.5, 2, 3],
			"to": [11.5, 3, 13],
			"rotation": {"angle": 0, "axis": "y", "origin": [7.5, 2, 8]},
			"faces": {
				"north": {"uv": [10, 7, 13.5, 7.5], "texture": "#0"},
				"east": {"uv": [7, 9, 12, 9.5], "texture": "#0"},
				"south": {"uv": [10, 7.5, 13.5, 8], "texture": "#0"},
				"west": {"uv": [7, 9.5, 12, 10], "texture": "#0"},
				"up": {"uv": [3.5, 5, 0, 0], "texture": "#0"},
				"down": {"uv": [7, 0, 3.5, 5], "texture": "#0"}
			}
		},
		{
			"from": [5, 3, 3.5],
			"to": [11, 4, 12.5],
			"rotation": {"angle": 0, "axis": "y", "origin": [7, 3, 8.5]},
			"faces": {
				"north": {"uv": [10, 10, 13, 10.5], "texture": "#0"},
				"east": {"uv": [5.5, 10, 10, 10.5], "texture": "#0"},
				"south": {"uv": [0, 10.5, 3, 11], "texture": "#0"},
				"west": {"uv": [10, 6.5, 14.5, 7], "texture": "#0"},
				"up": {"uv": [10, 4.5, 7, 0], "texture": "#0"},
				"down": {"uv": [10, 4.5, 7, 9], "texture": "#0"}
			}
		},
		{
			"from": [4.5, 4, 3],
			"to": [11.5, 5, 13],
			"rotation": {"angle": 0, "axis": "y", "origin": [7.5, 4, 8]},
			"faces": {
				"north": {"uv": [10, 8, 13.5, 8.5], "texture": "#0"},
				"east": {"uv": [0, 10, 5, 10.5], "texture": "#0"},
				"south": {"uv": [10, 8.5, 13.5, 9], "texture": "#0"},
				"west": {"uv": [10, 0, 15, 0.5], "texture": "#0"},
				"up": {"uv": [3.5, 10, 0, 5], "texture": "#0"},
				"down": {"uv": [7, 5, 3.5, 10], "texture": "#0"}
			}
		},
		{
			"from": [10.5, 3, 3],
			"to": [11.5, 4, 13],
			"rotation": {"angle": 0, "axis": "y", "origin": [7.5, 4, 8]},
			"faces": {
				"north": {"uv": [10.5, 1.5, 11, 2], "texture": "#0"},
				"east": {"uv": [10, 0.5, 15, 1], "texture": "#0"},
				"south": {"uv": [10.5, 2, 11, 2.5], "texture": "#0"},
				"west": {"uv": [10, 1, 15, 1.5], "texture": "#0"},
				"up": {"uv": [10.5, 6.5, 10, 1.5], "texture": "#0"},
				"down": {"uv": [5.5, 10, 5, 15], "texture": "#0"}
			}
		}
	],
	"display": {
		"thirdperson_righthand": {
			"rotation": [90, 0, -90],
			"translation": [3.25, -2, -1.75],
			"scale": [0.8, 0.8, 0.8]
		},
		"thirdperson_lefthand": {
			"rotation": [90, 0, -90],
			"translation": [3.25, -2, -1.75],
			"scale": [0.8, 0.8, 0.8]
		},
		"firstperson_righthand": {
			"rotation": [-139.5, 65.53, 119.18],
			"translation": [-2, 7, 1.25],
			"scale": [0.8, 0.8, 0.8]
		},
		"firstperson_lefthand": {
			"rotation": [-139.5, 65.53, 119.18],
			"translation": [-2, 7, 1.25],
			"scale": [0.8, 0.8, 0.8]
		},
		"gui": {
			"rotation": [30, -135, 0],
			"translation": [0, 3, 0]
		}
	},
	"groups": [
		{
			"name": "book",
			"origin": [6, 2, 7.5],
			"color": 0,
			"children": [0, 1, 2, 3]
		}
	]
}