{
	"credit": "Made with Blockbench",
	"textures": {
		"0": "item/breeze_rod_hand",
		"particle": "item/breeze_rod_hand"
	},
	"elements": [
		{
			"from": [7, 0, 6.95],
			"to": [9, 16, 8.95],
			"rotation": {"angle": 0, "axis": "y", "origin": [7, 0, 6.95]},
			"faces": {
				"north": {"uv": [4, 0, 6, 16], "texture": "#0"},
				"east": {"uv": [4, 0, 6, 16], "texture": "#0"},
				"south": {"uv": [4, 0, 6, 16], "texture": "#0"},
				"west": {"uv": [4, 0, 6, 16], "texture": "#0"},
				"up": {"uv": [10, 2, 8, 0], "texture": "#0"},
				"down": {"uv": [10, 2, 8, 4], "texture": "#0"}
			}
		}
	],
	"display": {
		"thirdperson_righthand": {
			"translation": [0, 0.5, 1],
			"scale": [0.79, 0.79, 0.79]
		},
		"thirdperson_lefthand": {
			"translation": [0, 0.5, 1],
			"scale": [0.79, 0.79, 0.79]
		},
		"firstperson_righthand": {
			"rotation": [168.42, 76.25, 170.38],
			"translation": [0.75, 7, 1.25],
			"scale": [0.8, 0.8, 0.8]
		},
		"firstperson_lefthand": {
			"rotation": [168.42, 76.25, 170.38],
			"translation": [0.75, 7, 1.25],
			"scale": [0.8, 0.8, 0.8]
		},
		"gui": {
			"rotation": [30, 45, 0]
		}
	},
	"groups": [
		{
			"name": "handle",
			"origin": [7.5, 0, 7.5],
			"color": 0,
			"children": [0]
		}
	]
}