{
	"credit": "Made with Blockbench",
	"texture_size": [32, 32],
	"textures": {
		"1": "item/brush_hand",
		"particle": "item/brush_hand"
	},
	"elements": [
		{
			"from": [7, 5, 7],
			"to": [9, 9, 9],
			"rotation": {"angle": 0, "axis": "y", "origin": [7, 5, 7]},
			"faces": {
				"north": {"uv": [7, 5, 8, 7], "texture": "#1"},
				"east": {"uv": [7, 5, 8, 7], "texture": "#1"},
				"south": {"uv": [7, 5, 8, 7], "texture": "#1"},
				"west": {"uv": [7, 5, 8, 7], "texture": "#1"},
				"up": {"uv": [6, 9, 5, 8], "texture": "#1"},
				"down": {"uv": [9, 5, 8, 6], "texture": "#1"}
			}
		},
		{
			"from": [6, 9, 6],
			"to": [10, 11, 10],
			"rotation": {"angle": 0, "axis": "y", "origin": [7, 9, 7]},
			"faces": {
				"north": {"uv": [10, 4, 8, 5], "texture": "#1"},
				"east": {"uv": [8, 4, 10, 5], "texture": "#1"},
				"south": {"uv": [10, 4, 8, 5], "texture": "#1"},
				"west": {"uv": [8, 4, 10, 5], "texture": "#1"},
				"up": {"uv": [5, 8, 3, 6], "texture": "#1"},
				"down": {"uv": [8, 3, 6, 5], "texture": "#1"}
			}
		},
		{
			"from": [5, 11, 5],
			"to": [11, 17, 5],
			"rotation": {"angle": 0, "axis": "y", "origin": [7, 11, 9]},
			"faces": {
				"north": {"uv": [0, 0, 3, 3], "texture": "#1"},
				"east": {"uv": [0, 0, 3, 3], "texture": "#1"},
				"south": {"uv": [3, 0, 0, 3], "texture": "#1"},
				"west": {"uv": [0, 0, 3, 3], "texture": "#1"},
				"up": {"uv": [3, 9, 0, 6], "rotation": 270, "texture": "#1"},
				"down": {"uv": [9, 0, 6, 3], "rotation": 90, "texture": "#1"}
			}
		},
		{
			"from": [10.5, 11.25, 5.5],
			"to": [10.5, 19.25, 10.5],
			"rotation": {"angle": 0, "axis": "y", "origin": [7.5, 11.25, 6.5]},
			"faces": {
				"north": {"uv": [0, 8.5, 2.5, 12.5], "texture": "#1"},
				"east": {"uv": [2.5, 8.5, 0, 12.5], "texture": "#1"},
				"south": {"uv": [0, 8.5, 2.5, 12.5], "texture": "#1"},
				"west": {"uv": [2.5, 8.5, 0, 12.5], "texture": "#1"},
				"up": {"uv": [5, 11.5, 2.5, 9], "texture": "#1"},
				"down": {"uv": [11, 9.5, 8.5, 12], "texture": "#1"}
			}
		},
		{
			"from": [5.5, 11.25, 10.5],
			"to": [10.5, 19.25, 10.5],
			"rotation": {"angle": 0, "axis": "y", "origin": [9.5, 11.25, 7.5]},
			"faces": {
				"north": {"uv": [2.5, 8.5, 0, 12.5], "texture": "#1"},
				"east": {"uv": [0, 8.5, 2.5, 12.5], "texture": "#1"},
				"south": {"uv": [2.5, 8.5, 0, 12.5], "texture": "#1"},
				"west": {"uv": [0, 8.5, 2.5, 12.5], "texture": "#1"},
				"up": {"uv": [5, 11.5, 2.5, 9], "rotation": 90, "texture": "#1"},
				"down": {"uv": [11, 9.5, 8.5, 12], "rotation": 270, "texture": "#1"}
			}
		},
		{
			"from": [5.5, 11.25, 5.5],
			"to": [10.5, 19.25, 5.5],
			"rotation": {"angle": 0, "axis": "y", "origin": [6.5, 11.25, 8.5]},
			"faces": {
				"north": {"uv": [2.5, 8.5, 0, 12.5], "texture": "#1"},
				"east": {"uv": [0, 8.5, 2.5, 12.5], "texture": "#1"},
				"south": {"uv": [2.5, 8.5, 0, 12.5], "texture": "#1"},
				"west": {"uv": [0, 8.5, 2.5, 12.5], "texture": "#1"},
				"up": {"uv": [5, 11.5, 2.5, 9], "rotation": 270, "texture": "#1"},
				"down": {"uv": [11, 9.5, 8.5, 12], "rotation": 90, "texture": "#1"}
			}
		},
		{
			"from": [5.5, 11.25, 5.5],
			"to": [5.5, 19.25, 10.5],
			"rotation": {"angle": 0, "axis": "y", "origin": [8.5, 11.25, 9.5]},
			"faces": {
				"north": {"uv": [0, 8.5, 2.5, 12.5], "texture": "#1"},
				"east": {"uv": [2.5, 8.5, 0, 12.5], "texture": "#1"},
				"south": {"uv": [0, 8.5, 2.5, 12.5], "texture": "#1"},
				"west": {"uv": [2.5, 8.5, 0, 12.5], "texture": "#1"},
				"up": {"uv": [5, 11.5, 2.5, 9], "rotation": 180, "texture": "#1"},
				"down": {"uv": [11, 9.5, 8.5, 12], "rotation": 180, "texture": "#1"}
			}
		},
		{
			"from": [5.5, 16.25, 5.5],
			"to": [10.5, 16.25, 10.5],
			"rotation": {"angle": 0, "axis": "y", "origin": [7.5, 11.25, 6.5]},
			"faces": {
				"north": {"uv": [3.5, 5, 5.5, 6], "texture": "#1"},
				"east": {"uv": [6, 5, 3.5, 6], "texture": "#1"},
				"south": {"uv": [3.5, 4, 6, 6], "texture": "#1"},
				"west": {"uv": [6, 3.5, 3.5, 6], "texture": "#1"},
				"up": {"uv": [6, 6, 3.5, 3.5], "texture": "#1"},
				"down": {"uv": [6, 3.5, 3.5, 6], "texture": "#1"}
			}
		},
		{
			"from": [5, 11, 5],
			"to": [11, 11, 11],
			"rotation": {"angle": 0, "axis": "y", "origin": [9, 11, 9]},
			"faces": {
				"north": {"uv": [0, 0, 3, 3], "texture": "#1"},
				"east": {"uv": [0, 0, 3, 3], "texture": "#1"},
				"south": {"uv": [0, 0, 3, 3], "texture": "#1"},
				"west": {"uv": [3, 0, 0, 3], "texture": "#1"},
				"up": {"uv": [9, 3, 6, 0], "rotation": 180, "texture": "#1"},
				"down": {"uv": [9, 0, 6, 3], "rotation": 180, "texture": "#1"}
			}
		},
		{
			"from": [5, 11, 5],
			"to": [5, 17, 11],
			"rotation": {"angle": 0, "axis": "y", "origin": [9, 11, 9]},
			"faces": {
				"north": {"uv": [0, 0, 3, 3], "texture": "#1"},
				"east": {"uv": [0, 0, 3, 3], "texture": "#1"},
				"south": {"uv": [0, 0, 3, 3], "texture": "#1"},
				"west": {"uv": [3, 0, 0, 3], "texture": "#1"},
				"up": {"uv": [3, 9, 0, 6], "rotation": 180, "texture": "#1"},
				"down": {"uv": [9, 0, 6, 3], "rotation": 180, "texture": "#1"}
			}
		},
		{
			"from": [5, 11, 11],
			"to": [11, 17, 11],
			"rotation": {"angle": 0, "axis": "y", "origin": [9, 11, 7]},
			"faces": {
				"north": {"uv": [3, 0, 0, 3], "texture": "#1"},
				"east": {"uv": [0, 0, 3, 3], "texture": "#1"},
				"south": {"uv": [0, 0, 3, 3], "texture": "#1"},
				"west": {"uv": [0, 0, 3, 3], "texture": "#1"},
				"up": {"uv": [3, 9, 0, 6], "rotation": 90, "texture": "#1"},
				"down": {"uv": [9, 0, 6, 3], "rotation": 270, "texture": "#1"}
			}
		},
		{
			"from": [11, 11, 5],
			"to": [11, 17, 11],
			"rotation": {"angle": 0, "axis": "y", "origin": [7, 11, 7]},
			"faces": {
				"north": {"uv": [0, 0, 3, 3], "texture": "#1"},
				"east": {"uv": [3, 0, 0, 3], "texture": "#1"},
				"south": {"uv": [0, 0, 3, 3], "texture": "#1"},
				"west": {"uv": [0, 0, 3, 3], "texture": "#1"},
				"up": {"uv": [3, 9, 0, 6], "texture": "#1"},
				"down": {"uv": [9, 0, 6, 3], "texture": "#1"}
			}
		}
	],
	"display": {
		"thirdperson_righthand": {
			"translation": [0, 0, 1],
			"scale": [0.79, 0.79, 0.79]
		},
		"thirdperson_lefthand": {
			"translation": [0, 0, 1],
			"scale": [0.79, 0.79, 0.79]
		},
		"firstperson_righthand": {
			"rotation": [10.92, -23.8, -1.09],
			"translation": [0, 0.5, 0.25],
			"scale": [0.65, 0.65, 0.65]
		},
		"firstperson_lefthand": {
			"rotation": [10.92, -23.8, -1.09],
			"translation": [7, 0.5, -5.25],
			"scale": [0.65, 0.65, 0.65]
		},
		"gui": {
			"rotation": [30, -135, 0],
			"translation": [0, -3.25, 0]
		}
	},
	"groups": [
		{
			"name": "handle",
			"origin": [7.5, 0, 7.5],
			"color": 0,
			"children": [
				0,
				1,
				{
					"name": "brush",
					"origin": [7, 11, 7],
					"color": 0,
					"children": [2, 3, 4, 5, 6, 7, 8, 9, 10, 11]
				}
			]
		}
	]
}