{
	"credit": "Made with Blockbench",
	"textures": {
		"0": "item/charcoal_hand",
		"particle": "item/charcoal_hand"
	},
	"elements": [
		{
			"from": [6, 5, 6.5],
			"to": [9, 7, 9.5],
			"rotation": {"angle": 0, "axis": "y", "origin": [6, 5, 6.5]},
			"faces": {
				"north": {"uv": [8, 6, 11, 8], "texture": "#0"},
				"east": {"uv": [8, 8, 11, 10], "texture": "#0"},
				"south": {"uv": [4, 9, 7, 11], "texture": "#0"},
				"west": {"uv": [7, 10, 10, 12], "texture": "#0"},
				"up": {"uv": [11, 3, 8, 0], "texture": "#0"},
				"down": {"uv": [11, 3, 8, 6], "texture": "#0"}
			}
		},
		{
			"from": [7.75, 2.35, 7],
			"to": [9.75, 4.35, 9],
			"rotation": {"angle": -22.5, "axis": "z", "origin": [7.75, 2.35, 7]},
			"faces": {
				"north": {"uv": [10, 10, 12, 12], "texture": "#0"},
				"east": {"uv": [0, 11, 2, 13], "texture": "#0"},
				"south": {"uv": [11, 0, 13, 2], "texture": "#0"},
				"west": {"uv": [2, 11, 4, 13], "texture": "#0"},
				"up": {"uv": [13, 4, 11, 2], "texture": "#0"},
				"down": {"uv": [6, 11, 4, 13], "texture": "#0"}
			}
		},
		{
			"from": [5, 2, 6],
			"to": [9, 5, 10],
			"rotation": {"angle": 0, "axis": "y", "origin": [6, 2, 7]},
			"faces": {
				"north": {"uv": [4, 0, 8, 3], "texture": "#0"},
				"east": {"uv": [4, 3, 8, 6], "texture": "#0"},
				"south": {"uv": [4, 6, 8, 9], "texture": "#0"},
				"west": {"uv": [0, 8, 4, 11], "texture": "#0"},
				"up": {"uv": [4, 4, 0, 0], "texture": "#0"},
				"down": {"uv": [4, 4, 0, 8], "texture": "#0"}
			}
		}
	],
	"display": {
		"thirdperson_righthand": {
			"translation": [0.5, 4.5, 1.5],
			"scale": [0.75, 0.75, 0.75]
		},
		"thirdperson_lefthand": {
			"translation": [0.5, 4.5, 1.5],
			"scale": [0.75, 0.75, 0.75]
		},
		"firstperson_righthand": {
			"rotation": [-23.41, 70.62, 4.96],
			"translation": [0.75, 7.75, 1.25]
		},
		"firstperson_lefthand": {
			"rotation": [-23.41, 70.62, 4.96],
			"translation": [0.75, 7.75, 1.25]
		}
	},
	"groups": [
		{
			"name": "cool (real)",
			"origin": [7, 0, 7],
			"color": 0,
			"children": [0, 1, 2]
		}
	]
}