{
	"credit": "Made with Blockbench",
	"texture_size": [32, 32],
	"textures": {
		"0": "item/compass_hand",
		"particle": "item/compass_hand"
	},
	"elements": [
		{
			"from": [11, 3, 7],
			"to": [12, 9, 8],
			"rotation": {"angle": 0, "axis": "y", "origin": [8, 6, 9]},
			"faces": {
				"north": {"uv": [4.5, 10, 4, 7], "texture": "#0"},
				"east": {"uv": [4, 6.5, 7, 7], "rotation": 90, "texture": "#0"},
				"south": {"uv": [5, 7, 4.5, 10], "rotation": 180, "texture": "#0"},
				"west": {"uv": [4, 6, 7, 6.5], "rotation": 270, "texture": "#0"},
				"up": {"uv": [8, 0, 8.5, 0.5], "texture": "#0"},
				"down": {"uv": [0.5, 8, 1, 8.5], "rotation": 180, "texture": "#0"}
			}
		},
		{
			"from": [4, 2, 8],
			"to": [12, 10, 9],
			"rotation": {"angle": 0, "axis": "y", "origin": [8, 6, 9]},
			"faces": {
				"north": {"uv": [4, 4, 0, 0], "texture": "#0"},
				"east": {"uv": [4, 1.5, 8, 2], "rotation": 90, "texture": "#0"},
				"south": {"uv": [4, 4, 0, 8], "rotation": 180, "texture": "#0"},
				"west": {"uv": [4, 0.5, 8, 1], "rotation": 270, "texture": "#0"},
				"up": {"uv": [4, 0, 8, 0.5], "texture": "#0"},
				"down": {"uv": [4, 1, 8, 1.5], "rotation": 180, "texture": "#0"}
			}
		},
		{
			"from": [4, 9, 7],
			"to": [12, 10, 8],
			"rotation": {"angle": 0, "axis": "y", "origin": [8, 6, 9]},
			"faces": {
				"north": {"uv": [8, 3.5, 4, 3], "texture": "#0"},
				"east": {"uv": [1, 8, 1.5, 8.5], "rotation": 90, "texture": "#0"},
				"south": {"uv": [8, 3.5, 4, 4], "rotation": 180, "texture": "#0"},
				"west": {"uv": [8, 0.5, 8.5, 1], "rotation": 270, "texture": "#0"},
				"up": {"uv": [4, 2, 8, 2.5], "texture": "#0"},
				"down": {"uv": [4, 2.5, 8, 3], "rotation": 180, "texture": "#0"}
			}
		},
		{
			"from": [4, 2, 7],
			"to": [12, 3, 8],
			"rotation": {"angle": 0, "axis": "y", "origin": [8, 6, 9]},
			"faces": {
				"north": {"uv": [8, 5.5, 4, 5], "texture": "#0"},
				"east": {"uv": [1.5, 8, 2, 8.5], "rotation": 90, "texture": "#0"},
				"south": {"uv": [8, 5.5, 4, 6], "rotation": 180, "texture": "#0"},
				"west": {"uv": [8, 1, 8.5, 1.5], "rotation": 270, "texture": "#0"},
				"up": {"uv": [4, 4, 8, 4.5], "texture": "#0"},
				"down": {"uv": [4, 4.5, 8, 5], "rotation": 180, "texture": "#0"}
			}
		},
		{
			"from": [4, 3, 7],
			"to": [5, 9, 8],
			"rotation": {"angle": 0, "axis": "y", "origin": [8, 6, 9]},
			"faces": {
				"north": {"uv": [5.5, 10.5, 5, 7.5], "texture": "#0"},
				"east": {"uv": [7, 6, 10, 6.5], "rotation": 90, "texture": "#0"},
				"south": {"uv": [6, 7.5, 5.5, 10.5], "rotation": 180, "texture": "#0"},
				"west": {"uv": [5, 7, 8, 7.5], "rotation": 270, "texture": "#0"},
				"up": {"uv": [8, 1.5, 8.5, 2], "texture": "#0"},
				"down": {"uv": [2, 8, 2.5, 8.5], "rotation": 180, "texture": "#0"}
			}
		},
		{
			"from": [7.5, 3.5, 7.5],
			"to": [8.5, 6.5, 8],
			"rotation": {"angle": 22.5, "axis": "z", "origin": [8, 6, 8]},
			"faces": {
				"north": {"uv": [8, 9, 7.5, 7.5], "rotation": 180, "texture": "#0"},
				"east": {"uv": [7, 6.5, 8.5, 7], "rotation": 90, "texture": "#0"},
				"south": {"uv": [0.5, 8, 0, 9.5], "texture": "#0"},
				"west": {"uv": [6, 7.5, 7.5, 8], "rotation": 270, "texture": "#0"},
				"up": {"uv": [2.5, 8, 3, 8.5], "texture": "#0"},
				"down": {"uv": [8, 2, 8.5, 2.5], "rotation": 180, "texture": "#0"}
			}
		}
	],
	"display": {
		"thirdperson_righthand": {
			"rotation": [-179.97, -1.27, 179.94],
			"translation": [0, 3.5, 0],
			"scale": [0.6, 0.6, 0.6]
		},
		"firstperson_righthand": {
			"rotation": [-23.41, 70.62, 4.96],
			"translation": [0.75, 7, 1.25],
			"scale": [0.8, 0.8, 0.8]
		},
		"firstperson_lefthand": {
			"rotation": [-23.41, 70.62, 4.96],
			"translation": [0.75, 7, 1.25],
			"scale": [0.8, 0.8, 0.8]
		},
		"gui": {
			"rotation": [30, -135, 0],
			"translation": [0, 1.5, 0]
		}
	},
	"groups": [
		{
			"name": "compass",
			"origin": [11, 0, 7],
			"color": 0,
			"children": [
				0,
				1,
				2,
				3,
				4,
				{
					"name": "arrow",
					"origin": [8, 1, 8],
					"color": 0,
					"children": [5]
				}
			]
		}
	]
}