{
	"credit": "Made with Blockbench",
	"texture_size": [32, 32],
	"textures": {
		"0": "item/diamond_sword_hand",
		"particle": "item/diamond_sword_hand"
	},
	"elements": [
		{
			"from": [7.5, 4.5, 7],
			"to": [8.5, 8.5, 9],
			"rotation": {"angle": 0, "axis": "y", "origin": [7.5, 4.5, 7]},
			"faces": {
				"north": {"uv": [1, 6, 1.5, 8], "texture": "#0"},
				"east": {"uv": [5, 5, 6, 7], "texture": "#0"},
				"south": {"uv": [1.5, 6, 2, 8], "texture": "#0"},
				"west": {"uv": [0, 6, 1, 8], "texture": "#0"},
				"up": {"uv": [8.5, 3, 8, 2], "texture": "#0"},
				"down": {"uv": [3, 8, 2.5, 9], "texture": "#0"}
			}
		},
		{
			"from": [8, 5.5, 4],
			"to": [8, 7.5, 7],
			"rotation": {"angle": 0, "axis": "y", "origin": [8, 5.5, 7]},
			"faces": {
				"north": {"uv": [0, 0, 0, 1], "texture": "#0"},
				"east": {"uv": [0, 0, 1.5, 1], "texture": "#0"},
				"south": {"uv": [0, 0, 0, 1], "texture": "#0"},
				"west": {"uv": [1.5, 0, 0, 1], "texture": "#0"},
				"up": {"uv": [0, 1.5, 0, 0], "texture": "#0"},
				"down": {"uv": [0, 0, 0, 1.5], "texture": "#0"}
			}
		},
		{
			"from": [7, 3, 8],
			"to": [9, 5, 10],
			"rotation": {"angle": -45, "axis": "x", "origin": [7, 3, 8]},
			"faces": {
				"north": {"uv": [6, 6, 7, 7], "texture": "#0"},
				"east": {"uv": [7, 0, 8, 1], "texture": "#0"},
				"south": {"uv": [7, 1, 8, 2], "texture": "#0"},
				"west": {"uv": [2, 7, 3, 8], "texture": "#0"},
				"up": {"uv": [8, 3, 7, 2], "texture": "#0"},
				"down": {"uv": [4, 7, 3, 8], "texture": "#0"}
			}
		},
		{
			"from": [7, 8.5, 5],
			"to": [9, 10.5, 11],
			"rotation": {"angle": 0, "axis": "y", "origin": [7, 8.5, 6]},
			"faces": {
				"north": {"uv": [7, 3, 8, 4], "texture": "#0"},
				"east": {"uv": [4, 1, 7, 2], "texture": "#0"},
				"south": {"uv": [7, 4, 8, 5], "texture": "#0"},
				"west": {"uv": [4, 1, 7, 2], "texture": "#0"},
				"up": {"uv": [5, 5, 4, 2], "texture": "#0"},
				"down": {"uv": [6, 2, 5, 5], "texture": "#0"}
			}
		},
		{
			"from": [7.001, 12.82, 11.4],
			"to": [8.991, 14.22, 12.8],
			"rotation": {"angle": -45, "axis": "x", "origin": [8.1, 10.2, 16.4]},
			"faces": {
				"north": {"uv": [3, 8, 4, 8.5], "texture": "#0"},
				"east": {"uv": [0.5, 8.5, 1, 9], "texture": "#0"},
				"south": {"uv": [8, 3, 9, 3.5], "texture": "#0"},
				"west": {"uv": [8.5, 0.5, 9, 1], "texture": "#0"},
				"up": {"uv": [9, 4, 8, 3.5], "texture": "#0"},
				"down": {"uv": [9, 4, 8, 4.5], "texture": "#0"}
			}
		},
		{
			"from": [7.001, 12.82, 5.4],
			"to": [8.991, 14.22, 6.8],
			"rotation": {"angle": -45, "axis": "x", "origin": [9, 10.2, 10.4]},
			"faces": {
				"north": {"uv": [8, 4.5, 9, 5], "texture": "#0"},
				"east": {"uv": [1, 8.5, 1.5, 9], "texture": "#0"},
				"south": {"uv": [5, 8, 6, 8.5], "texture": "#0"},
				"west": {"uv": [8.5, 1, 9, 1.5], "texture": "#0"},
				"up": {"uv": [9, 5.5, 8, 5], "texture": "#0"},
				"down": {"uv": [9, 5.5, 8, 6], "texture": "#0"}
			}
		},
		{
			"from": [7.5, 23.03, 8.36],
			"to": [8.5, 25.73, 9.31],
			"light_emission": 15,
			"rotation": {"angle": -45, "axis": "x", "origin": [6.5, 23.6, 10.3]},
			"faces": {
				"north": {"uv": [6.5, 7, 7, 8.5], "texture": "#0"},
				"east": {"uv": [7.5, 6, 8, 7.5], "texture": "#0"},
				"south": {"uv": [7.5, 7.5, 8, 9], "texture": "#0"},
				"west": {"uv": [0, 8, 0.5, 9.5], "texture": "#0"},
				"up": {"uv": [2, 9, 1.5, 8.5], "texture": "#0"},
				"down": {"uv": [9, 1.5, 8.5, 2], "texture": "#0"}
			}
		},
		{
			"from": [7.5, 22.415, 7.1],
			"to": [8.5, 23.365, 9.93],
			"light_emission": 15,
			"rotation": {"angle": -45, "axis": "x", "origin": [6.5, 21.6, 7.6]},
			"faces": {
				"north": {"uv": [8.5, 2, 9, 2.5], "texture": "#0"},
				"east": {"uv": [8, 0, 9.5, 0.5], "texture": "#0"},
				"south": {"uv": [8.5, 2.5, 9, 3], "texture": "#0"},
				"west": {"uv": [0.5, 8, 2, 8.5], "texture": "#0"},
				"up": {"uv": [8.5, 2, 8, 0.5], "texture": "#0"},
				"down": {"uv": [2.5, 8, 2, 9.5], "texture": "#0"}
			}
		},
		{
			"from": [7.515, 22.5, 6.6],
			"to": [8.485, 24.5, 8.6],
			"light_emission": 15,
			"rotation": {"angle": 45, "axis": "x", "origin": [6.4, 22.5, 6.6]},
			"faces": {
				"north": {"uv": [8, 6, 8.5, 7], "texture": "#0"},
				"east": {"uv": [8, 5, 7, 6], "texture": "#0"},
				"south": {"uv": [7, 8, 7.5, 9], "texture": "#0"},
				"west": {"uv": [7, 5, 8, 6], "texture": "#0"},
				"up": {"uv": [8.5, 8, 8, 7], "texture": "#0"},
				"down": {"uv": [8.5, 8, 8, 9], "texture": "#0"}
			}
		},
		{
			"from": [7.51, 10.5, 6],
			"to": [8.49, 22.5, 10],
			"light_emission": 15,
			"rotation": {"angle": 0, "axis": "y", "origin": [6.5, 10.5, 7]},
			"faces": {
				"north": {"uv": [4, 5, 4.5, 11], "texture": "#0"},
				"east": {"uv": [4, 0, 2, 6], "texture": "#0"},
				"south": {"uv": [4.5, 5, 5, 11], "texture": "#0"},
				"west": {"uv": [2, 0, 4, 6], "texture": "#0"},
				"up": {"uv": [6.5, 9, 6, 7], "texture": "#0"},
				"down": {"uv": [7.5, 6, 7, 8], "texture": "#0"}
			}
		}
	],
	"display": {
		"thirdperson_righthand": {
			"translation": [0.5, -0.5, 1.5],
			"scale": [1.03, 1, 1.03]
		},
		"thirdperson_lefthand": {
			"translation": [0.5, -0.5, 1.5],
			"scale": [1.03, 1, 1.03]
		},
		"firstperson_righthand": {
			"rotation": [10, -3, -5],
			"translation": [1.25, 0.5, 0.25],
			"scale": [0.68, 0.68, 0.68]
		},
		"firstperson_lefthand": {
			"rotation": [10, -3, -5],
			"translation": [1.25, 0.5, 0.25],
			"scale": [0.68, 0.68, 0.68]
		},
		"gui": {
			"rotation": [30, -135, 0],
			"translation": [0, -3.5, 0],
			"scale": [0.75, 0.75, 0.75]
		}
	},
	"groups": [
		{
			"name": "handle",
			"origin": [7.5, 0, 7.5],
			"color": 0,
			"children": [
				0,
				1,
				2,
				{
					"name": "sword",
					"origin": [8, 8, 8],
					"color": 0,
					"children": [3, 4, 5, 6, 7, 8, 9]
				}
			]
		}
	]
}