{
	"credit": "Made with Blockbench",
	"texture_size": [32, 32],
	"textures": {
		"0": "item/diamond_hand",
		"particle": "item/diamond_hand"
	},
	"elements": [
		{
			"from": [6, 9, 7],
			"to": [10, 10, 9],
			"rotation": {"angle": 0, "axis": "y", "origin": [7, 9, 7]},
			"faces": {
				"north": {"uv": [7, 2, 9, 2.5], "texture": "#0"},
				"east": {"uv": [0.5, 8.5, 1.5, 9], "texture": "#0"},
				"south": {"uv": [7, 2.5, 9, 3], "texture": "#0"},
				"west": {"uv": [8.5, 1.5, 9.5, 2], "texture": "#0"},
				"up": {"uv": [8, 5.5, 6, 4.5], "texture": "#0"},
				"down": {"uv": [8, 5.5, 6, 6.5], "texture": "#0"}
			}
		},
		{
			"from": [5, 2, 7],
			"to": [11, 9, 9],
			"rotation": {"angle": 0, "axis": "y", "origin": [7, 2, 7]},
			"faces": {
				"north": {"uv": [0, 0, 3, 3.5], "texture": "#0"},
				"east": {"uv": [6, 0, 7, 3.5], "texture": "#0"},
				"south": {"uv": [3, 0, 0, 3.5], "texture": "#0"},
				"west": {"uv": [2, 6, 3, 9.5], "texture": "#0"},
				"up": {"uv": [6, 7, 3, 6], "texture": "#0"},
				"down": {"uv": [9, 3.5, 6, 4.5], "texture": "#0"}
			}
		},
		{
			"from": [11, 3, 7],
			"to": [12, 7, 9],
			"rotation": {"angle": 0, "axis": "y", "origin": [13, 2, 7]},
			"faces": {
				"north": {"uv": [8, 0, 8.5, 2], "texture": "#0"},
				"east": {"uv": [6, 6.5, 7, 8.5], "texture": "#0"},
				"south": {"uv": [8, 4.5, 8.5, 6.5], "texture": "#0"},
				"west": {"uv": [7, 0, 8, 2], "texture": "#0"},
				"up": {"uv": [2, 9.5, 1.5, 8.5], "texture": "#0"},
				"down": {"uv": [9, 4.5, 8.5, 5.5], "texture": "#0"}
			}
		},
		{
			"from": [4, 3, 7],
			"to": [5, 7, 9],
			"rotation": {"angle": 0, "axis": "y", "origin": [6, 2, 7]},
			"faces": {
				"north": {"uv": [8, 6.5, 8.5, 8.5], "texture": "#0"},
				"east": {"uv": [3, 7, 4, 9], "texture": "#0"},
				"south": {"uv": [0, 8.5, 0.5, 10.5], "texture": "#0"},
				"west": {"uv": [4, 7, 5, 9], "texture": "#0"},
				"up": {"uv": [9, 6.5, 8.5, 5.5], "texture": "#0"},
				"down": {"uv": [6.5, 8.5, 6, 9.5], "texture": "#0"}
			}
		},
		{
			"from": [6, 3, 9],
			"to": [10, 8, 10],
			"rotation": {"angle": 0, "axis": "y", "origin": [7, 2, 8]},
			"faces": {
				"north": {"uv": [0, 3.5, 2, 6], "texture": "#0"},
				"east": {"uv": [7, 6.5, 7.5, 9], "texture": "#0"},
				"south": {"uv": [6, 3.5, 4, 6], "texture": "#0"},
				"west": {"uv": [7.5, 6.5, 8, 9], "texture": "#0"},
				"up": {"uv": [10.5, 1, 8.5, 0.5], "texture": "#0"},
				"down": {"uv": [10.5, 1, 8.5, 1.5], "texture": "#0"}
			}
		},
		{
			"from": [6, 3, 6],
			"to": [10, 8, 7],
			"rotation": {"angle": 0, "axis": "y", "origin": [7, 1, 5]},
			"faces": {
				"north": {"uv": [4, 3.5, 6, 6], "texture": "#0"},
				"east": {"uv": [7, 6.5, 7.5, 9], "texture": "#0"},
				"south": {"uv": [0, 6, 2, 8.5], "texture": "#0"},
				"west": {"uv": [7.5, 6.5, 8, 9], "texture": "#0"},
				"up": {"uv": [10.5, 1, 8.5, 0.5], "texture": "#0"},
				"down": {"uv": [10.5, 1, 8.5, 1.5], "texture": "#0"}
			}
		}
	],
	"display": {
		"thirdperson_righthand": {
			"translation": [0, 3, 1.5],
			"scale": [0.5, 0.5, 0.5]
		},
		"thirdperson_lefthand": {
			"translation": [0, 3, 1.5],
			"scale": [0.5, 0.5, 0.5]
		},
		"firstperson_righthand": {
			"rotation": [-23.41, 70.62, 4.96],
			"translation": [0.75, 7, 1.25],
			"scale": [0.8, 0.8, 0.8]
		},
		"firstperson_lefthand": {
			"rotation": [-23.41, 70.62, 4.96],
			"translation": [0.75, 7, 1.25],
			"scale": [0.8, 0.8, 0.8]
		}
	},
	"groups": [
		{
			"name": "diamond",
			"origin": [7, 1, 5],
			"color": 0,
			"children": [0, 1, 2, 3, 4, 5]
		}
	]
}