{
	"credit": "Made with Blockbench",
	"texture_size": [32, 32],
	"textures": {
		"0": "item/echo_shard_hand",
		"particle": "item/echo_shard_hand"
	},
	"elements": [
		{
			"from": [6.5, 1, 6.5],
			"to": [9.5, 3, 9.5],
			"light_emission": 15,
			"rotation": {"angle": 0, "axis": "y", "origin": [7.5, 1, 7.5]},
			"faces": {
				"north": {"uv": [1.5, 7, 3, 8], "texture": "#0"},
				"east": {"uv": [6, 7.5, 7.5, 8.5], "texture": "#0"},
				"south": {"uv": [1.5, 7, 3, 8], "texture": "#0"},
				"west": {"uv": [6, 7.5, 7.5, 8.5], "texture": "#0"},
				"up": {"uv": [7.5, 7.5, 6, 6], "texture": "#0"},
				"down": {"uv": [1.5, 7, 0, 8.5], "texture": "#0"}
			}
		},
		{
			"from": [6, 3, 6],
			"to": [10, 7, 10],
			"light_emission": 15,
			"rotation": {"angle": 0, "axis": "y", "origin": [7, 3, 7]},
			"faces": {
				"north": {"uv": [0, 5, 2, 7], "texture": "#0"},
				"east": {"uv": [6, 0, 8, 2], "texture": "#0"},
				"south": {"uv": [0, 5, 2, 7], "texture": "#0"},
				"west": {"uv": [6, 0, 8, 2], "texture": "#0"},
				"up": {"uv": [8, 4, 6, 2], "texture": "#0"},
				"down": {"uv": [8, 4, 6, 6], "texture": "#0"}
			}
		},
		{
			"from": [8, 5, 5.5],
			"to": [8, 10, 10.5],
			"light_emission": 15,
			"rotation": {"angle": 0, "axis": "y", "origin": [10, 7, 9.5]},
			"faces": {
				"north": {"uv": [0, 0, 0, 2.5], "texture": "#0"},
				"east": {"uv": [3.5, 0, 6, 2.5], "texture": "#0"},
				"south": {"uv": [0, 0, 0, 2.5], "texture": "#0"},
				"west": {"uv": [3.5, 0, 6, 2.5], "texture": "#0"},
				"up": {"uv": [3, 0, 0, 0], "rotation": 90, "texture": "#0"},
				"down": {"uv": [3, 0, 0, 0], "rotation": 270, "texture": "#0"}
			}
		},
		{
			"from": [5.45, 5, 8],
			"to": [10.45, 10, 8],
			"light_emission": 15,
			"rotation": {"angle": 0, "axis": "y", "origin": [9.45, 7, 6]},
			"faces": {
				"north": {"uv": [3.5, 0, 6, 2.5], "texture": "#0"},
				"east": {"uv": [0, 0, 0, 2.5], "texture": "#0"},
				"south": {"uv": [3.5, 0, 6, 2.5], "texture": "#0"},
				"west": {"uv": [0, 0, 0, 2.5], "texture": "#0"},
				"up": {"uv": [3, 0, 0, 0], "texture": "#0"},
				"down": {"uv": [3, 0, 0, 0], "texture": "#0"}
			}
		}
	],
	"display": {
		"firstperson_righthand": {
			"rotation": [-23.41, 70.62, 4.96],
			"translation": [0.75, 7, 1.25],
			"scale": [0.8, 0.8, 0.8]
		},
		"firstperson_lefthand": {
			"rotation": [-23.41, 70.62, 4.96],
			"translation": [0.75, 7, 1.25],
			"scale": [0.8, 0.8, 0.8]
		},
		"gui": {
			"rotation": [30, 45, 0],
			"translation": [0, 4.25, 0],
			"scale": [1.5, 1.5, 1.5]
		}
	},
	"groups": [
		{
			"name": "shard",
			"origin": [9.45, 6, 6],
			"color": 0,
			"children": [0, 1, 2, 3]
		}
	]
}