{
	"credit": "Made with Blockbench",
	"texture_size": [32, 32],
	"textures": {
		"0": "item/emerald_hand",
		"particle": "item/emerald_hand"
	},
	"elements": [
		{
			"from": [6, 10, 7],
			"to": [10, 11, 9],
			"rotation": {"angle": 0, "axis": "y", "origin": [7, 10, 7]},
			"faces": {
				"north": {"uv": [7.5, 1, 9.5, 1.5], "texture": "#0"},
				"east": {"uv": [4.5, 7, 5.5, 7.5], "texture": "#0"},
				"south": {"uv": [7.5, 1, 9.5, 1.5], "texture": "#0"},
				"west": {"uv": [8, 4.5, 9, 5], "texture": "#0"},
				"up": {"uv": [8, 5.5, 6, 4.5], "texture": "#0"},
				"down": {"uv": [8, 5.5, 6, 6.5], "texture": "#0"}
			}
		},
		{
			"from": [6, 2, 7],
			"to": [10, 3, 9],
			"rotation": {"angle": 0, "axis": "y", "origin": [7, 2, 7]},
			"faces": {
				"north": {"uv": [7.5, 2, 9.5, 2.5], "texture": "#0"},
				"east": {"uv": [8, 5, 9, 5.5], "texture": "#0"},
				"south": {"uv": [7.5, 2.5, 9.5, 3], "texture": "#0"},
				"west": {"uv": [8, 5.5, 9, 6], "texture": "#0"},
				"up": {"uv": [8, 7.5, 6, 6.5], "texture": "#0"},
				"down": {"uv": [9, 0, 7, 1], "texture": "#0"}
			}
		},
		{
			"from": [5, 3, 7],
			"to": [11, 10, 9],
			"rotation": {"angle": 0, "axis": "y", "origin": [7, 3, 7]},
			"faces": {
				"north": {"uv": [0, 0, 3, 3.5], "texture": "#0"},
				"east": {"uv": [6, 0, 7, 3.5], "texture": "#0"},
				"south": {"uv": [3, 0, 0, 3.5], "texture": "#0"},
				"west": {"uv": [2, 6, 3, 9.5], "texture": "#0"},
				"up": {"uv": [6, 7, 3, 6], "texture": "#0"},
				"down": {"uv": [9, 3.5, 6, 4.5], "texture": "#0"}
			}
		},
		{
			"from": [6, 4, 9],
			"to": [10, 9, 10],
			"rotation": {"angle": 0, "axis": "y", "origin": [7, 3, 8]},
			"faces": {
				"north": {"uv": [0, 3.5, 2, 6], "texture": "#0"},
				"east": {"uv": [3.5, 7, 4, 9.5], "texture": "#0"},
				"south": {"uv": [6, 3.5, 4, 6], "texture": "#0"},
				"west": {"uv": [4, 7, 4.5, 9.5], "texture": "#0"},
				"up": {"uv": [8.5, 8, 6.5, 7.5], "texture": "#0"},
				"down": {"uv": [6.5, 8, 4.5, 8.5], "texture": "#0"}
			}
		},
		{
			"from": [6, 4, 6],
			"to": [10, 9, 7],
			"rotation": {"angle": 0, "axis": "y", "origin": [7, 3, 5]},
			"faces": {
				"north": {"uv": [4, 3.5, 6, 6], "texture": "#0"},
				"east": {"uv": [3.5, 7, 4, 9.5], "texture": "#0"},
				"south": {"uv": [0, 6, 2, 8.5], "texture": "#0"},
				"west": {"uv": [4, 7, 4.5, 9.5], "texture": "#0"},
				"up": {"uv": [8.5, 8, 6.5, 7.5], "texture": "#0"},
				"down": {"uv": [6.5, 8, 4.5, 8.5], "texture": "#0"}
			}
		}
	],
	"display": {
		"thirdperson_righthand": {
			"translation": [0, 3, 1.5],
			"scale": [0.5, 0.5, 0.5]
		},
		"thirdperson_lefthand": {
			"translation": [0, 3, 1.5],
			"scale": [0.5, 0.5, 0.5]
		},
		"firstperson_righthand": {
			"rotation": [-23.41, 70.62, 4.96],
			"translation": [0.75, 7, 1.25],
			"scale": [0.8, 0.8, 0.8]
		},
		"firstperson_lefthand": {
			"rotation": [-23.41, 70.62, 4.96],
			"translation": [0.75, 7, 1.25],
			"scale": [0.8, 0.8, 0.8]
		}
	},
	"groups": [
		{
			"name": "emerald",
			"origin": [7, 1, 5],
			"color": 0,
			"children": [0, 1, 2, 3, 4]
		}
	]
}