{
	"credit": "Made with Blockbench",
	"texture_size": [32, 32],
	"textures": {
		"0": "item/enchanted_book_hand",
		"1": "item/outline2",
		"particle": "item/enchanted_book_hand"
	},
	"elements": [
		{
			"from": [4.5, 2, 3],
			"to": [11.5, 3, 13],
			"rotation": {"angle": 0, "axis": "y", "origin": [7.5, 2, 8]},
			"faces": {
				"north": {"uv": [10, 7, 13.5, 7.5], "texture": "#0"},
				"east": {"uv": [7, 9, 12, 9.5], "texture": "#0"},
				"south": {"uv": [10, 7.5, 13.5, 8], "texture": "#0"},
				"west": {"uv": [7, 9.5, 12, 10], "texture": "#0"},
				"up": {"uv": [3.5, 5, 0, 0], "texture": "#0"},
				"down": {"uv": [7, 0, 3.5, 5], "texture": "#0"}
			}
		},
		{
			"from": [5, 3, 3.5],
			"to": [11, 4, 12.5],
			"rotation": {"angle": 0, "axis": "y", "origin": [7, 3, 8.5]},
			"faces": {
				"north": {"uv": [10, 10, 13, 10.5], "texture": "#0"},
				"east": {"uv": [5.5, 10, 10, 10.5], "texture": "#0"},
				"south": {"uv": [0, 10.5, 3, 11], "texture": "#0"},
				"west": {"uv": [10, 6.5, 14.5, 7], "texture": "#0"},
				"up": {"uv": [10, 4.5, 7, 0], "texture": "#0"},
				"down": {"uv": [10, 4.5, 7, 9], "texture": "#0"}
			}
		},
		{
			"from": [4.5, 4, 3],
			"to": [11.5, 5, 13],
			"rotation": {"angle": 0, "axis": "y", "origin": [7.5, 4, 8]},
			"faces": {
				"north": {"uv": [10, 8, 13.5, 8.5], "texture": "#0"},
				"east": {"uv": [0, 10, 5, 10.5], "texture": "#0"},
				"south": {"uv": [10, 8.5, 13.5, 9], "texture": "#0"},
				"west": {"uv": [10, 0, 15, 0.5], "texture": "#0"},
				"up": {"uv": [3.5, 10, 0, 5], "texture": "#0"},
				"down": {"uv": [7, 5, 3.5, 10], "texture": "#0"}
			}
		},
		{
			"from": [10.5, 3, 3],
			"to": [11.5, 4, 13],
			"rotation": {"angle": 0, "axis": "y", "origin": [7.5, 4, 8]},
			"faces": {
				"north": {"uv": [10.5, 1.5, 11, 2], "texture": "#0"},
				"east": {"uv": [10, 0.5, 15, 1], "texture": "#0"},
				"south": {"uv": [10.5, 2, 11, 2.5], "texture": "#0"},
				"west": {"uv": [10, 1, 15, 1.5], "texture": "#0"},
				"up": {"uv": [10.5, 6.5, 10, 1.5], "texture": "#0"},
				"down": {"uv": [5.5, 10, 5, 15], "texture": "#0"}
			}
		},
		{
			"from": [4.5, 3, 5],
			"to": [4.5, 4, 7],
			"rotation": {"angle": 0, "axis": "y", "origin": [4.5, 3, 5]},
			"faces": {
				"north": {"uv": [0, 0, 0, 0.5], "texture": "#0"},
				"east": {"uv": [10.5, 2.5, 11.5, 3], "texture": "#0"},
				"south": {"uv": [0, 0, 0, 0.5], "texture": "#0"},
				"west": {"uv": [3, 10.5, 4, 11], "texture": "#0"},
				"up": {"uv": [0, 1, 0, 0], "texture": "#0"},
				"down": {"uv": [0, 0, 0, 1], "texture": "#0"}
			}
		},
		{
			"from": [4, 2.5, 5],
			"to": [6, 4.5, 7],
			"light_emission": 15,
			"rotation": {"angle": 0, "axis": "y", "origin": [4, 2.5, 5]},
			"faces": {
				"north": {"uv": [11.5, 5, 10.5, 6], "texture": "#0"},
				"east": {"uv": [4, 10.5, 5, 11.5], "texture": "#0"},
				"south": {"uv": [11.5, 5, 10.5, 6], "texture": "#0"},
				"west": {"uv": [10.5, 5, 11.5, 6], "texture": "#0"},
				"up": {"uv": [6.5, 11.5, 5.5, 10.5], "texture": "#0"},
				"down": {"uv": [7.5, 10.5, 6.5, 11.5], "texture": "#0"}
			}
		},
		{
			"name": "cube_outline",
			"from": [11.6, 3.1, 13.1],
			"to": [4.4, 1.9, 2.9],
			"light_emission": 15,
			"rotation": {"angle": 0, "axis": "y", "origin": [7.5, 2, 8]},
			"faces": {
				"north": {"uv": [10, 7, 13.5, 7.5], "texture": "#1"},
				"east": {"uv": [7, 9, 12, 9.5], "texture": "#1"},
				"south": {"uv": [10, 7.5, 13.5, 8], "texture": "#1"},
				"west": {"uv": [7, 9.5, 12, 10], "texture": "#1"},
				"up": {"uv": [3.5, 5, 0, 0], "texture": "#1"},
				"down": {"uv": [14.5, 10.5, 11, 15.5], "texture": "#1"}
			}
		},
		{
			"name": "cube_outline",
			"from": [11.1, 4.1, 12.6],
			"to": [4.9, 2.9, 3.4],
			"light_emission": 15,
			"rotation": {"angle": 0, "axis": "y", "origin": [7, 3, 8.5]},
			"faces": {
				"north": {"uv": [10, 11.5, 13, 12], "texture": "#1"},
				"east": {"uv": [11.5, 13, 12, 11.5], "texture": "#1"},
				"south": {"uv": [11.5, 12, 14.5, 12.5], "texture": "#1"},
				"west": {"uv": [10, 6.5, 14.5, 7], "texture": "#1"},
				"up": {"uv": [10, 4.5, 7, 0], "texture": "#1"},
				"down": {"uv": [10, 4.5, 7, 9], "texture": "#1"}
			}
		},
		{
			"name": "cube_outline",
			"from": [11.6, 5.1, 13.1],
			"to": [4.4, 3.9, 2.9],
			"light_emission": 15,
			"rotation": {"angle": 0, "axis": "y", "origin": [7.5, 4, 8]},
			"faces": {
				"north": {"uv": [10, 8, 13.5, 8.5], "texture": "#1"},
				"east": {"uv": [0, 10, 5, 10.5], "texture": "#1"},
				"south": {"uv": [10, 8.5, 13.5, 9], "texture": "#1"},
				"west": {"uv": [10, 0, 15, 0.5], "texture": "#1"},
				"up": {"uv": [14.5, 16, 11, 11], "texture": "#1"},
				"down": {"uv": [7, 5, 3.5, 10], "texture": "#1"}
			}
		},
		{
			"name": "cube_outline",
			"from": [11.6, 4.1, 13.1],
			"to": [10.4, 2.9, 2.9],
			"light_emission": 15,
			"rotation": {"angle": 0, "axis": "y", "origin": [7.5, 4, 8]},
			"faces": {
				"north": {"uv": [6, 10.5, 6.5, 11], "texture": "#1"},
				"east": {"uv": [11, 12, 16, 12.5], "texture": "#1"},
				"south": {"uv": [10.5, 6, 11, 6.5], "texture": "#1"},
				"west": {"uv": [10, 1, 15, 1.5], "texture": "#1"},
				"up": {"uv": [16, 16, 15.5, 11], "texture": "#1"},
				"down": {"uv": [13.5, 11, 13, 16], "texture": "#1"}
			}
		},
		{
			"name": "cube_outline",
			"from": [4.6, 4.1, 7.1],
			"to": [4.4, 2.9, 4.9],
			"light_emission": 15,
			"rotation": {"angle": 0, "axis": "y", "origin": [4.5, 3, 5]},
			"faces": {
				"north": {"uv": [5.5, 10.5, 6, 11], "texture": "#1"},
				"east": {"uv": [4, 10.5, 5, 11], "texture": "#1"},
				"south": {"uv": [5.5, 10.5, 6, 11], "texture": "#1"},
				"west": {"uv": [10.5, 10.5, 11.5, 11], "texture": "#1"},
				"up": {"uv": [11.5, 12.5, 11, 11.5], "texture": "#1"},
				"down": {"uv": [11, 6, 10.5, 5], "texture": "#1"}
			}
		}
	],
	"display": {
		"thirdperson_righthand": {
			"rotation": [90, 0, -90],
			"translation": [3.25, -0.25, -1.75],
			"scale": [0.8, 0.8, 0.8]
		},
		"thirdperson_lefthand": {
			"rotation": [90, 0, -90],
			"translation": [3.25, -0.25, -1.75],
			"scale": [0.8, 0.8, 0.8]
		},
		"firstperson_righthand": {
			"rotation": [-139.5, 65.53, 119.18],
			"translation": [-2, 7, 1.25],
			"scale": [0.8, 0.8, 0.8]
		},
		"firstperson_lefthand": {
			"rotation": [-139.5, 65.53, 119.18],
			"translation": [-2, 7, 1.25],
			"scale": [0.8, 0.8, 0.8]
		},
		"gui": {
			"rotation": [30, -135, 0],
			"translation": [0, 3, 0]
		}
	},
	"groups": [
		{
			"name": "book",
			"origin": [6, 2, 7.5],
			"color": 0,
			"children": [0, 1, 2, 3, 4, 5]
		},
		6,
		7,
		8,
		9,
		10
	]
}