{
	"credit": "Made with Blockbench",
	"texture_size": [32, 32],
	"textures": {
		"0": "item/firework_rocket_hand",
		"particle": "item/firework_rocket_hand"
	},
	"elements": [
		{
			"from": [7.75, 8, 5.5],
			"to": [7.75, 11, 10.5],
			"rotation": {"angle": 0, "axis": "y", "origin": [5.75, 8, 6.5]},
			"faces": {
				"north": {"uv": [0, 0, 0, 1.5], "texture": "#0"},
				"east": {"uv": [4.5, 0, 7, 1.5], "texture": "#0"},
				"south": {"uv": [0, 0, 0, 1.5], "texture": "#0"},
				"west": {"uv": [4.5, 1.5, 7, 3], "texture": "#0"},
				"up": {"uv": [0, 2.5, 0, 0], "texture": "#0"},
				"down": {"uv": [0, 0, 0, 2.5], "texture": "#0"}
			}
		},
		{
			"from": [5.25, 8, 8],
			"to": [10.25, 11, 8],
			"rotation": {"angle": 0, "axis": "y", "origin": [6.25, 8, 10]},
			"faces": {
				"north": {"uv": [5.5, 3, 8, 4.5], "texture": "#0"},
				"east": {"uv": [0, 0, 0, 1.5], "texture": "#0"},
				"south": {"uv": [5.5, 4.5, 8, 6], "texture": "#0"},
				"west": {"uv": [0, 0, 0, 1.5], "texture": "#0"},
				"up": {"uv": [2.5, 0, 0, 0], "texture": "#0"},
				"down": {"uv": [2.5, 0, 0, 0], "texture": "#0"}
			}
		},
		{
			"from": [6.25, -1, 6.5],
			"to": [9.25, 7, 9.5],
			"rotation": {"angle": 0, "axis": "y", "origin": [7.25, -1, 6.5]},
			"faces": {
				"north": {"uv": [0, 0, 1.5, 4], "texture": "#0"},
				"east": {"uv": [1.5, 0, 0, 4], "texture": "#0"},
				"south": {"uv": [0, 0, 1.5, 4], "texture": "#0"},
				"west": {"uv": [1.5, 0, 0, 4], "texture": "#0"},
				"up": {"uv": [3, 7.5, 1.5, 6], "texture": "#0"},
				"down": {"uv": [4.5, 6, 3, 7.5], "texture": "#0"}
			}
		},
		{
			"from": [5.75, 7, 6],
			"to": [9.75, 8, 10],
			"rotation": {"angle": 0, "axis": "y", "origin": [7.75, 7, 6]},
			"faces": {
				"north": {"uv": [9, 2, 11, 2.5], "texture": "#0"},
				"east": {"uv": [7, 2, 9, 2.5], "texture": "#0"},
				"south": {"uv": [13, 2, 15, 2.5], "texture": "#0"},
				"west": {"uv": [11, 2, 13, 2.5], "texture": "#0"},
				"up": {"uv": [11, 2, 9, 0], "texture": "#0"},
				"down": {"uv": [13, 0, 11, 2], "texture": "#0"}
			}
		},
		{
			"from": [6.25, -3, 8],
			"to": [8.25, -1, 8],
			"rotation": {"angle": 0, "axis": "y", "origin": [7.75, -3, 8]},
			"faces": {
				"north": {"uv": [5.5, 6, 4.5, 7], "texture": "#0"},
				"east": {"uv": [0, 0, 0, 1], "texture": "#0"},
				"south": {"uv": [4.5, 6, 5.5, 7], "texture": "#0"},
				"west": {"uv": [0, 0, 0, 1], "texture": "#0"},
				"up": {"uv": [1, 0, 0, 0], "texture": "#0"},
				"down": {"uv": [1, 0, 0, 0], "texture": "#0"}
			}
		},
		{
			"from": [7.75, -3, 7.5],
			"to": [7.75, -1, 9.5],
			"rotation": {"angle": 0, "axis": "y", "origin": [7.75, -3, 8]},
			"faces": {
				"north": {"uv": [0, 0, 0, 1], "texture": "#0"},
				"east": {"uv": [4.5, 6, 5.5, 7], "texture": "#0"},
				"south": {"uv": [0, 0, 0, 1], "texture": "#0"},
				"west": {"uv": [5.5, 6, 4.5, 7], "texture": "#0"},
				"up": {"uv": [1, 0, 0, 0], "rotation": 270, "texture": "#0"},
				"down": {"uv": [1, 0, 0, 0], "rotation": 90, "texture": "#0"}
			}
		}
	],
	"display": {
		"thirdperson_righthand": {
			"translation": [0, 2, 0.25],
			"scale": [0.8, 0.8, 0.8]
		},
		"thirdperson_lefthand": {
			"translation": [0, 2, 0.25],
			"scale": [0.8, 0.8, 0.8]
		},
		"firstperson_righthand": {
			"rotation": [168.42, 76.25, 170.38],
			"translation": [0.75, 7, 1.25],
			"scale": [0.8, 0.8, 0.8]
		},
		"firstperson_lefthand": {
			"rotation": [168.42, 76.25, 170.38],
			"translation": [0.75, 7, 1.25],
			"scale": [0.8, 0.8, 0.8]
		},
		"ground": {
			"translation": [0, 3.75, 0]
		},
		"gui": {
			"rotation": [30, -135, 0],
			"translation": [0, 3.75, 0]
		}
	},
	"groups": [
		{
			"name": "rocket",
			"origin": [6, 13, 6.5],
			"color": 0,
			"children": [0, 1, 2, 3, 4, 5]
		}
	]
}