{
	"credit": "Made with Blockbench",
	"textures": {
		"1": "item/flint_and_steel_hand"
	},
	"elements": [
		{
			"from": [7, 0, 4.5],
			"to": [9, 3, 6.5],
			"rotation": {"angle": 0, "axis": "y", "origin": [9, 0, 7.5]},
			"faces": {
				"north": {"uv": [0, 5, 2, 8], "texture": "#1"},
				"east": {"uv": [2, 5, 4, 8], "texture": "#1"},
				"south": {"uv": [4, 5, 6, 8], "texture": "#1"},
				"west": {"uv": [6, 5, 8, 8], "texture": "#1"},
				"up": {"uv": [3, 10, 1, 8], "texture": "#1"},
				"down": {"uv": [5, 8, 3, 10], "texture": "#1"}
			}
		},
		{
			"from": [7, 0, 6.5],
			"to": [9, 2, 7.5],
			"rotation": {"angle": 0, "axis": "y", "origin": [9, 0, 7.5]},
			"faces": {
				"north": {"uv": [5, 8, 7, 10], "texture": "#1"},
				"east": {"uv": [9, 0, 10, 2], "texture": "#1"},
				"south": {"uv": [8, 5, 10, 7], "texture": "#1"},
				"west": {"uv": [9, 2, 10, 4], "texture": "#1"},
				"up": {"uv": [11, 5, 9, 4], "texture": "#1"},
				"down": {"uv": [11, 7, 9, 8], "texture": "#1"}
			}
		},
		{
			"from": [7, 0.5, 8.5],
			"to": [8, 5.5, 12.5],
			"rotation": {"angle": -22.5, "axis": "x", "origin": [7, 0.5, 8.5]},
			"faces": {
				"north": {"uv": [0, 8, 1, 13], "texture": "#1"},
				"east": {"uv": [0, 0, 4, 5], "texture": "#1"},
				"south": {"uv": [8, 0, 9, 5], "texture": "#1"},
				"west": {"uv": [4, 0, 8, 5], "texture": "#1"},
				"up": {"uv": [8, 12, 7, 8], "texture": "#1"},
				"down": {"uv": [9, 7, 8, 11], "texture": "#1"}
			}
		}
	],
	"display": {
		"thirdperson_righthand": {
			"rotation": [-112.5, 70.5, 112.5],
			"translation": [0.25, 6.75, 0.5]
		},
		"thirdperson_lefthand": {
			"rotation": [-112.5, 70.5, 112.5],
			"translation": [0.25, 6.75, 0.5]
		},
		"firstperson_righthand": {
			"rotation": [-156.14, 65.87, 153.07],
			"translation": [0.25, 10.5, 1.75]
		},
		"firstperson_lefthand": {
			"rotation": [-156.14, 65.87, 153.07],
			"translation": [0.25, 10.5, 1.75]
		},
		"gui": {
			"rotation": [30, -135, 0],
			"translation": [0, 6.25, 0],
			"scale": [1.5, 1.5, 1.5]
		}
	},
	"groups": [
		{
			"name": "group",
			"origin": [7, 0, 6],
			"color": 0,
			"children": [0, 1, 2]
		}
	]
}