{
	"credit": "Made with Blockbench",
	"texture_size": [32, 32],
	"textures": {
		"0": "item/glowstone_dust_hand",
		"1": "item/glow",
		"particle": "item/glowstone_dust_hand"
	},
	"elements": [
		{
			"from": [4, 2, 5],
			"to": [7, 4, 8],
			"light_emission": 15,
			"rotation": {"angle": 0, "axis": "y", "origin": [6, 2, 2]},
			"faces": {
				"north": {"uv": [6.5, 3.5, 8, 4.5], "texture": "#0"},
				"east": {"uv": [6.5, 4.5, 8, 5.5], "texture": "#0"},
				"south": {"uv": [2, 7, 3.5, 8], "texture": "#0"},
				"west": {"uv": [5.5, 7, 7, 8], "texture": "#0"},
				"up": {"uv": [4, 7, 2.5, 5.5], "texture": "#0"},
				"down": {"uv": [5.5, 6, 4, 7.5], "texture": "#0"}
			}
		},
		{
			"from": [6, 2, 4],
			"to": [10, 5, 8],
			"light_emission": 15,
			"rotation": {"angle": 0, "axis": "y", "origin": [8, 2, 2]},
			"faces": {
				"north": {"uv": [4, 1.5, 6, 3], "texture": "#0"},
				"east": {"uv": [2.5, 4, 4.5, 5.5], "texture": "#0"},
				"south": {"uv": [4.5, 3, 6.5, 4.5], "texture": "#0"},
				"west": {"uv": [4.5, 4.5, 6.5, 6], "texture": "#0"},
				"up": {"uv": [2, 2, 0, 0], "texture": "#0"},
				"down": {"uv": [2, 2, 0, 4], "texture": "#0"}
			}
		},
		{
			"from": [4.5, 2, 8],
			"to": [9.5, 4, 11],
			"light_emission": 15,
			"rotation": {"angle": 0, "axis": "y", "origin": [8.5, 2, 5]},
			"faces": {
				"north": {"uv": [0, 5.5, 2.5, 6.5], "texture": "#0"},
				"east": {"uv": [7, 7, 8.5, 8], "texture": "#0"},
				"south": {"uv": [6, 1.5, 8.5, 2.5], "texture": "#0"},
				"west": {"uv": [0, 7.5, 1.5, 8.5], "texture": "#0"},
				"up": {"uv": [2.5, 5.5, 0, 4], "texture": "#0"},
				"down": {"uv": [6.5, 0, 4, 1.5], "texture": "#0"}
			}
		},
		{
			"from": [5, 4, 6],
			"to": [9, 6, 10],
			"light_emission": 15,
			"rotation": {"angle": 0, "axis": "y", "origin": [6, 4, 5]},
			"faces": {
				"north": {"uv": [5.5, 6, 7.5, 7], "texture": "#0"},
				"east": {"uv": [0, 6.5, 2, 7.5], "texture": "#0"},
				"south": {"uv": [6.5, 0, 8.5, 1], "texture": "#0"},
				"west": {"uv": [6.5, 2.5, 8.5, 3.5], "texture": "#0"},
				"up": {"uv": [4, 2, 2, 0], "texture": "#0"},
				"down": {"uv": [4, 2, 2, 4], "texture": "#0"}
			}
		},
		{
			"from": [7.2, 6, 7],
			"to": [9.2, 8, 9],
			"light_emission": 15,
			"rotation": {"angle": -22.5, "axis": "z", "origin": [6.2, 6, 4]},
			"faces": {
				"north": {"uv": [3.5, 7.5, 4.5, 8.5], "texture": "#0"},
				"east": {"uv": [4.5, 7.5, 5.5, 8.5], "texture": "#0"},
				"south": {"uv": [7.5, 5.5, 8.5, 6.5], "texture": "#0"},
				"west": {"uv": [1.5, 8, 2.5, 9], "texture": "#0"},
				"up": {"uv": [3.5, 9, 2.5, 8], "texture": "#0"},
				"down": {"uv": [9, 3.5, 8, 4.5], "texture": "#0"}
			}
		},
		{
			"name": "cube_outline",
			"from": [9.4, 8.2, 9.2],
			"to": [7, 5.8, 6.8],
			"light_emission": 15,
			"rotation": {"angle": -22.5, "axis": "z", "origin": [6.2, 6, 4]},
			"faces": {
				"north": {"uv": [3.5, 7.5, 4.5, 8.5], "texture": "#1"},
				"east": {"uv": [4.5, 7.5, 5.5, 8.5], "texture": "#1"},
				"south": {"uv": [7.5, 5.5, 8.5, 6.5], "texture": "#1"},
				"west": {"uv": [1.5, 8, 2.5, 9], "texture": "#1"},
				"up": {"uv": [3.5, 10, 2.5, 9], "texture": "#1"},
				"down": {"uv": [9, 3.5, 8, 4.5], "texture": "#1"}
			}
		},
		{
			"name": "cube_outline",
			"from": [9.2, 6.2, 10.2],
			"to": [4.8, 3.8, 5.8],
			"light_emission": 15,
			"rotation": {"angle": 0, "axis": "y", "origin": [6, 4, 5]},
			"faces": {
				"north": {"uv": [6.5, 8.3, 8.5, 7], "texture": "#1"},
				"east": {"uv": [0, 6.5, 2, 7.5], "texture": "#1"},
				"south": {"uv": [6.5, 0, 8.5, 1], "texture": "#1"},
				"west": {"uv": [8.5, 2.5, 10.5, 3.5], "texture": "#1"},
				"up": {"uv": [4, 2, 2, 0], "texture": "#1"},
				"down": {"uv": [4, 2, 2, 4], "texture": "#1"}
			}
		},
		{
			"name": "cube_outline",
			"from": [9.7, 4.2, 11.2],
			"to": [4.3, 1.8, 7.8],
			"light_emission": 15,
			"rotation": {"angle": 0, "axis": "y", "origin": [8.5, 2, 5]},
			"faces": {
				"north": {"uv": [0, 5.5, 2.5, 6.5], "texture": "#1"},
				"east": {"uv": [7, 8.5, 8.5, 9.5], "texture": "#1"},
				"south": {"uv": [9, 1.5, 11.5, 2.5], "texture": "#1"},
				"west": {"uv": [0, 7.5, 1.5, 8.5], "texture": "#1"},
				"up": {"uv": [2.5, 5.5, 0, 4], "texture": "#1"},
				"down": {"uv": [6.5, 0, 4, 1.5], "texture": "#1"}
			}
		},
		{
			"name": "cube_outline",
			"from": [10.2, 5.2, 8.2],
			"to": [5.8, 1.8, 3.8],
			"light_emission": 15,
			"rotation": {"angle": 0, "axis": "y", "origin": [8, 2, 2]},
			"faces": {
				"north": {"uv": [4, 1.5, 6, 3], "texture": "#1"},
				"east": {"uv": [10, 4.5, 12, 6], "texture": "#1"},
				"south": {"uv": [4.5, 3, 6.5, 4.5], "texture": "#1"},
				"west": {"uv": [4.5, 4.5, 6.5, 6], "texture": "#1"},
				"up": {"uv": [2, 2, 0, 0], "texture": "#1"},
				"down": {"uv": [2, 2, 0, 4], "texture": "#1"}
			}
		},
		{
			"name": "cube_outline",
			"from": [7.2, 4.2, 8.2],
			"to": [3.8, 1.8, 4.8],
			"light_emission": 15,
			"rotation": {"angle": 0, "axis": "y", "origin": [6, 2, 2]},
			"faces": {
				"north": {"uv": [6.5, 3.5, 8, 4.5], "texture": "#1"},
				"east": {"uv": [6.5, 4.5, 8, 5.5], "texture": "#1"},
				"south": {"uv": [2, 7, 3.5, 8], "texture": "#1"},
				"west": {"uv": [5.5, 7, 7, 8], "texture": "#1"},
				"up": {"uv": [4, 7, 2.5, 5.5], "texture": "#1"},
				"down": {"uv": [5.5, 6, 4, 7.5], "texture": "#1"}
			}
		}
	],
	"display": {
		"thirdperson_righthand": {
			"translation": [0.5, 3, 2],
			"scale": [0.5, 0.5, 0.5]
		},
		"thirdperson_lefthand": {
			"translation": [0.5, 3, 2],
			"scale": [0.5, 0.5, 0.5]
		},
		"firstperson_righthand": {
			"rotation": [-23.41, 70.62, 4.96],
			"translation": [0.75, 7, 1.25],
			"scale": [0.8, 0.8, 0.8]
		},
		"firstperson_lefthand": {
			"rotation": [-23.41, 70.62, 4.96],
			"translation": [0.75, 7, 1.25],
			"scale": [0.8, 0.8, 0.8]
		}
	},
	"groups": [
		{
			"name": "shit",
			"origin": [7.2, 4, 4],
			"color": 0,
			"children": [0, 1, 2, 3, 4, 5, 6, 7, 8, 9]
		}
	]
}