{
	"credit": "Made with Blockbench",
	"textures": {
		"0": "item/golden_pickaxe_hand",
		"particle": "item/golden_pickaxe_hand"
	},
	"elements": [
		{
			"from": [7.5, -0.5, 7],
			"to": [8.5, 11.5, 9],
			"rotation": {"angle": 0, "axis": "y", "origin": [7.5, -0.5, 7]},
			"faces": {
				"north": {"uv": [4, 0, 5, 12], "texture": "#0"},
				"east": {"uv": [0, 0, 2, 12], "texture": "#0"},
				"south": {"uv": [5, 0, 6, 12], "texture": "#0"},
				"west": {"uv": [2, 0, 4, 12], "texture": "#0"},
				"up": {"uv": [10, 14, 9, 12], "texture": "#0"},
				"down": {"uv": [11, 12, 10, 14], "texture": "#0"}
			}
		},
		{
			"from": [7.5, 13.5, 7],
			"to": [8.5, 14.5, 9],
			"rotation": {"angle": 0, "axis": "y", "origin": [8.5, 13.5, 7]},
			"faces": {
				"north": {"uv": [12, 11, 13, 12], "texture": "#0"},
				"east": {"uv": [12, 10, 14, 11], "texture": "#0"},
				"south": {"uv": [0, 14, 1, 15], "texture": "#0"},
				"west": {"uv": [11, 12, 13, 13], "texture": "#0"},
				"up": {"uv": [14, 8, 13, 6], "texture": "#0"},
				"down": {"uv": [14, 8, 13, 10], "texture": "#0"}
			}
		},
		{
			"from": [7, -2, 8],
			"to": [9, 0, 10],
			"rotation": {"angle": -45, "axis": "x", "origin": [7, -2, 8]},
			"faces": {
				"north": {"uv": [6, 10, 8, 12], "texture": "#0"},
				"east": {"uv": [10, 6, 12, 8], "texture": "#0"},
				"south": {"uv": [8, 10, 10, 12], "texture": "#0"},
				"west": {"uv": [10, 8, 12, 10], "texture": "#0"},
				"up": {"uv": [12, 12, 10, 10], "texture": "#0"},
				"down": {"uv": [2, 12, 0, 14], "texture": "#0"}
			}
		},
		{
			"from": [7, 11.5, 6],
			"to": [9, 13.5, 10],
			"light_emission": 15,
			"rotation": {"angle": 0, "axis": "y", "origin": [7, 11.5, 7]},
			"faces": {
				"north": {"uv": [2, 12, 4, 14], "texture": "#0"},
				"east": {"uv": [6, 0, 10, 2], "texture": "#0"},
				"south": {"uv": [4, 12, 6, 14], "texture": "#0"},
				"west": {"uv": [6, 2, 10, 4], "texture": "#0"},
				"up": {"uv": [8, 8, 6, 4], "texture": "#0"},
				"down": {"uv": [10, 4, 8, 8], "texture": "#0"}
			}
		},
		{
			"from": [7.5, 11.269, 9.15],
			"to": [8.5, 13.269, 13.15],
			"light_emission": 15,
			"rotation": {"angle": 22.5, "axis": "x", "origin": [7.5, 11.25, 10.15]},
			"faces": {
				"north": {"uv": [11, 13, 12, 15], "texture": "#0"},
				"east": {"uv": [6, 8, 10, 10], "texture": "#0"},
				"south": {"uv": [13, 11, 14, 13], "texture": "#0"},
				"west": {"uv": [10, 0, 14, 2], "texture": "#0"},
				"up": {"uv": [7, 16, 6, 12], "texture": "#0"},
				"down": {"uv": [13, 6, 12, 10], "texture": "#0"}
			}
		},
		{
			"from": [7.5, 11.269, 2.85],
			"to": [8.5, 13.269, 6.85],
			"light_emission": 15,
			"rotation": {"angle": -22.5, "axis": "x", "origin": [9.5, 11.25, 5.85]},
			"faces": {
				"north": {"uv": [12, 13, 13, 15], "texture": "#0"},
				"east": {"uv": [10, 2, 14, 4], "texture": "#0"},
				"south": {"uv": [13, 13, 14, 15], "texture": "#0"},
				"west": {"uv": [10, 4, 14, 6], "texture": "#0"},
				"up": {"uv": [8, 16, 7, 12], "texture": "#0"},
				"down": {"uv": [9, 12, 8, 16], "texture": "#0"}
			}
		},
		{
			"from": [7.5, 9.667, 2.75],
			"to": [8.5, 11.067, 4.15],
			"light_emission": 15,
			"rotation": {"angle": 22.5, "axis": "x", "origin": [10.5, 12.65, 4.75]},
			"faces": {
				"north": {"uv": [2, 14, 3, 15], "texture": "#0"},
				"east": {"uv": [2, 14, 3, 15], "texture": "#0"},
				"south": {"uv": [0, 0, 0, 1], "texture": "#0"},
				"west": {"uv": [2, 14, 3, 15], "texture": "#0"},
				"up": {"uv": [0, 1, 0, 0], "texture": "#0"},
				"down": {"uv": [2, 14, 3, 15], "texture": "#0"}
			}
		},
		{
			"from": [7.5, 11.13, 11.93],
			"to": [8.5, 12.53, 13.33],
			"light_emission": 15,
			"rotation": {"angle": -22.5, "axis": "x", "origin": [5.5, 13.15, 14.95]},
			"faces": {
				"north": {"uv": [0, 0, 0, 1], "texture": "#0"},
				"east": {"uv": [14, 1, 15, 2], "texture": "#0"},
				"south": {"uv": [2, 14, 3, 15], "texture": "#0"},
				"west": {"uv": [2, 14, 3, 15], "texture": "#0"},
				"up": {"uv": [0, 1, 0, 0], "texture": "#0"},
				"down": {"uv": [2, 15, 3, 14], "texture": "#0"}
			}
		}
	],
	"display": {
		"thirdperson_righthand": {
			"translation": [0.5, 2, 1.5],
			"scale": [1.03, 1, 1.03]
		},
		"thirdperson_lefthand": {
			"translation": [0.5, 2, 1.5],
			"scale": [1.03, 1, 1.03]
		},
		"firstperson_righthand": {
			"rotation": [10, -3, -5],
			"translation": [1.25, 0.5, 0.25],
			"scale": [0.74, 0.77, 0.77]
		},
		"firstperson_lefthand": {
			"rotation": [10, -3, -5],
			"translation": [1.25, 0.5, 0.25],
			"scale": [0.74, 0.77, 0.77]
		},
		"gui": {
			"rotation": [30, -135, 0],
			"translation": [0, 1.25, 0]
		}
	},
	"groups": [
		{
			"name": "handle",
			"origin": [7.5, 0, 7.5],
			"color": 0,
			"children": [0, 1, 2]
		},
		{
			"name": "absolutepeak",
			"origin": [8, 14, 4.5],
			"color": 0,
			"children": [3, 4, 5, 6, 7]
		}
	]
}