{
	"credit": "Made with Blockbench",
	"texture_size": [32, 32],
	"textures": {
		"0": "item/heart_of_the_sea_hand",
		"particle": "item/heart_of_the_sea_hand"
	},
	"elements": [
		{
			"from": [4, 1.5, 5],
			"to": [10, 7.5, 11],
			"light_emission": 15,
			"rotation": {"angle": 0, "axis": "y", "origin": [4, 1.5, 6]},
			"faces": {
				"north": {"uv": [0, 0, 3, 3], "texture": "#0"},
				"east": {"uv": [0, 3, 3, 6], "texture": "#0"},
				"south": {"uv": [3, 0, 6, 3], "texture": "#0"},
				"west": {"uv": [3, 3, 6, 6], "texture": "#0"},
				"up": {"uv": [3, 9, 0, 6], "texture": "#0"},
				"down": {"uv": [9, 0, 6, 3], "texture": "#0"}
			}
		},
		{
			"from": [3.75, 4, 11.25],
			"to": [10.25, 5, 11.25],
			"light_emission": 15,
			"rotation": {"angle": 0, "axis": "y", "origin": [4.75, 1, 6.75]},
			"faces": {
				"north": {"uv": [6.5, 7, 10, 7.5], "texture": "#0"},
				"east": {"uv": [6.5, 7, 10, 7.5], "texture": "#0"},
				"south": {"uv": [9, 0.5, 12.5, 1], "texture": "#0"},
				"west": {"uv": [9, 0, 12.5, 0.5], "texture": "#0"},
				"up": {"uv": [3.5, 13, 0, 9.5], "texture": "#0"},
				"down": {"uv": [7, 9.5, 3.5, 13], "texture": "#0"}
			}
		},
		{
			"from": [3.75, 4, 4.75],
			"to": [3.75, 5, 11.25],
			"light_emission": 15,
			"rotation": {"angle": 0, "axis": "y", "origin": [4.75, 1, 6.75]},
			"faces": {
				"north": {"uv": [6.5, 6.5, 10, 7], "texture": "#0"},
				"east": {"uv": [6.5, 7, 10, 7.5], "texture": "#0"},
				"south": {"uv": [9, 0.5, 12.5, 1], "texture": "#0"},
				"west": {"uv": [9, 0, 12.5, 0.5], "texture": "#0"},
				"up": {"uv": [3.5, 13, 0, 9.5], "texture": "#0"},
				"down": {"uv": [7, 9.5, 3.5, 13], "texture": "#0"}
			}
		},
		{
			"from": [10.25, 4, 4.75],
			"to": [10.25, 5, 11.25],
			"light_emission": 15,
			"rotation": {"angle": 0, "axis": "y", "origin": [4.75, 1, 6.75]},
			"faces": {
				"north": {"uv": [6.5, 6.5, 10, 7], "texture": "#0"},
				"east": {"uv": [6.5, 7, 10, 7.5], "texture": "#0"},
				"south": {"uv": [9, 0.5, 12.5, 1], "texture": "#0"},
				"west": {"uv": [9, 0.5, 12.5, 1], "texture": "#0"},
				"up": {"uv": [3.5, 13, 0, 9.5], "texture": "#0"},
				"down": {"uv": [7, 9.5, 3.5, 13], "texture": "#0"}
			}
		},
		{
			"from": [3.75, 4, 4.75],
			"to": [10.25, 5, 4.75],
			"light_emission": 15,
			"rotation": {"angle": 0, "axis": "y", "origin": [4.75, 1, 6.75]},
			"faces": {
				"north": {"uv": [6.5, 6.5, 10, 7], "texture": "#0"},
				"east": {"uv": [6.5, 7, 10, 7.5], "texture": "#0"},
				"south": {"uv": [9, 0.5, 12.5, 1], "texture": "#0"},
				"west": {"uv": [9, 0, 12.5, 0.5], "texture": "#0"},
				"up": {"uv": [3.5, 13, 0, 9.5], "texture": "#0"},
				"down": {"uv": [7, 9.5, 3.5, 13], "texture": "#0"}
			}
		}
	],
	"display": {
		"thirdperson_righthand": {
			"rotation": [0, 138, 0],
			"translation": [0, 3.5, 1],
			"scale": [0.53, 0.53, 0.53]
		},
		"thirdperson_lefthand": {
			"rotation": [0, 138, 0],
			"translation": [0, 4.25, 1],
			"scale": [0.53, 0.53, 0.53]
		},
		"firstperson_righthand": {
			"rotation": [-23.41, 70.62, 4.96],
			"translation": [0.75, 7, 1.25],
			"scale": [0.8, 0.8, 0.8]
		},
		"firstperson_lefthand": {
			"rotation": [-23.41, 70.62, 4.96],
			"translation": [0.75, 7, 1.25],
			"scale": [0.8, 0.8, 0.8]
		},
		"ground": {
			"translation": [0, 4, 0],
			"scale": [0.7, 0.7, 0.7]
		},
		"gui": {
			"rotation": [30, -45, 0],
			"translation": [0, 5.25, 0],
			"scale": [1.5, 1.5, 1.5]
		},
		"head": {
			"translation": [0, 7.75, 0]
		}
	},
	"groups": [
		{
			"name": "magma",
			"origin": [8, 8, 8],
			"color": 0,
			"children": [0, 1, 2, 3, 4]
		}
	]
}