{
	"credit": "Made with Blockbench",
	"textures": {
		"0": "item/iron_nugget_hand",
		"particle": "item/iron_nugget_hand"
	},
	"elements": [
		{
			"from": [6.5, 0, 6],
			"to": [10.5, 4, 10],
			"light_emission": 15,
			"rotation": {"angle": 0, "axis": "y", "origin": [7.5, 0, 6]},
			"faces": {
				"north": {"uv": [0, 0, 4, 4], "texture": "#0"},
				"east": {"uv": [0, 4, 4, 8], "texture": "#0"},
				"south": {"uv": [4, 0, 8, 4], "texture": "#0"},
				"west": {"uv": [4, 4, 8, 8], "texture": "#0"},
				"up": {"uv": [4, 12, 0, 8], "texture": "#0"},
				"down": {"uv": [12, 0, 8, 4], "texture": "#0"}
			}
		},
		{
			"from": [5.5, 0, 6],
			"to": [6.5, 3, 10],
			"light_emission": 15,
			"rotation": {"angle": 0, "axis": "y", "origin": [3.5, 0, 6]},
			"faces": {
				"north": {"uv": [10, 7, 11, 10], "texture": "#0"},
				"east": {"uv": [4, 8, 8, 11], "texture": "#0"},
				"south": {"uv": [10, 10, 11, 13], "texture": "#0"},
				"west": {"uv": [8, 4, 12, 7], "texture": "#0"},
				"up": {"uv": [9, 11, 8, 7], "texture": "#0"},
				"down": {"uv": [10, 7, 9, 11], "texture": "#0"}
			}
		}
	],
	"display": {
		"thirdperson_righthand": {
			"translation": [0, 4, 1.5],
			"scale": [0.5, 0.5, 0.5]
		},
		"thirdperson_lefthand": {
			"translation": [0, 4, 1.5],
			"scale": [0.5, 0.5, 0.5]
		},
		"firstperson_righthand": {
			"rotation": [-23.41, 70.62, 4.96],
			"translation": [0.75, 7, 1.25],
			"scale": [0.6, 0.6, 0.6]
		}
	},
	"groups": [
		{
			"name": "nugget",
			"origin": [3, 0, 6],
			"color": 0,
			"children": [0, 1]
		}
	]
}