{
	"credit": "Made with Blockbench",
	"textures": {
		"0": "item/lapis_lazuli_hand",
		"particle": "item/lapis_lazuli_hand"
	},
	"elements": [
		{
			"from": [8, 1.99, 6],
			"to": [11, 5.99, 9],
			"rotation": {"angle": 0, "axis": "y", "origin": [7, 2, 6]},
			"faces": {
				"north": {"uv": [8, 8, 11, 12], "texture": "#0"},
				"east": {"uv": [11, 8, 14, 12], "texture": "#0"},
				"south": {"uv": [0, 12, 3, 16], "texture": "#0"},
				"west": {"uv": [12, 0, 15, 4], "texture": "#0"},
				"up": {"uv": [6, 15, 3, 12], "texture": "#0"},
				"down": {"uv": [15, 4, 12, 7], "texture": "#0"}
			}
		},
		{
			"from": [5, 2, 5.5],
			"to": [9, 8, 9.5],
			"rotation": {"angle": 0, "axis": "y", "origin": [5, 2, 6.5]},
			"faces": {
				"north": {"uv": [0, 0, 4, 6], "texture": "#0"},
				"east": {"uv": [4, 0, 8, 6], "texture": "#0"},
				"south": {"uv": [0, 6, 4, 12], "texture": "#0"},
				"west": {"uv": [4, 6, 8, 12], "texture": "#0"},
				"up": {"uv": [12, 4, 8, 0], "texture": "#0"},
				"down": {"uv": [12, 4, 8, 8], "texture": "#0"}
			}
		}
	],
	"display": {
		"thirdperson_righthand": {
			"translation": [0, 3, 1.5],
			"scale": [0.5, 0.5, 0.5]
		},
		"thirdperson_lefthand": {
			"translation": [0, 3, 1.5],
			"scale": [0.5, 0.5, 0.5]
		},
		"firstperson_righthand": {
			"rotation": [-23.41, 70.62, 4.96],
			"translation": [0.75, 7, 1.25],
			"scale": [0.8, 0.8, 0.8]
		},
		"firstperson_lefthand": {
			"rotation": [-23.41, 70.62, 4.96],
			"translation": [0.75, 7, 1.25],
			"scale": [0.8, 0.8, 0.8]
		}
	},
	"groups": [
		{
			"name": "lapis",
			"origin": [5, 0, 6.5],
			"color": 0,
			"children": [0, 1]
		}
	]
}