{
	"credit": "Made with Blockbench",
	"textures": {
		"0": "item/lead_hand",
		"particle": "item/lead_hand"
	},
	"elements": [
		{
			"from": [6, 2, 6],
			"to": [10, 4, 10],
			"rotation": {"angle": 0, "axis": "y", "origin": [7, 2, 7]},
			"faces": {
				"north": {"uv": [4, 0, 8, 2], "texture": "#0"},
				"east": {"uv": [4, 2, 8, 4], "texture": "#0"},
				"south": {"uv": [4, 4, 8, 6], "texture": "#0"},
				"west": {"uv": [4, 6, 8, 8], "texture": "#0"},
				"up": {"uv": [4, 4, 0, 0], "texture": "#0"},
				"down": {"uv": [4, 4, 0, 8], "texture": "#0"}
			}
		},
		{
			"from": [5.5, 2, 4.3],
			"to": [9.5, 4, 4.3],
			"rotation": {"angle": -22.5, "axis": "y", "origin": [5.5, 2, 6.3]},
			"faces": {
				"north": {"uv": [0, 8, 4, 10], "texture": "#0"},
				"east": {"uv": [0, 0, 0, 2], "texture": "#0"},
				"south": {"uv": [4, 8, 0, 10], "texture": "#0"},
				"west": {"uv": [0, 0, 0, 2], "texture": "#0"},
				"up": {"uv": [4, 0, 0, 0], "texture": "#0"},
				"down": {"uv": [4, 0, 0, 0], "texture": "#0"}
			}
		}
	],
	"display": {
		"thirdperson_righthand": {
			"rotation": [-8, 0, 0],
			"translation": [0, 7.75, -1.5]
		},
		"thirdperson_lefthand": {
			"rotation": [-8, 0, 0],
			"translation": [0, 7.75, -1.5]
		},
		"firstperson_righthand": {
			"rotation": [-23.41, 70.62, 4.96],
			"translation": [0.75, 7, 1.25],
			"scale": [0.8, 0.8, 0.8]
		},
		"firstperson_lefthand": {
			"rotation": [-23.41, 70.62, 4.96],
			"translation": [0.75, 7, 1.25],
			"scale": [0.8, 0.8, 0.8]
		},
		"ground": {
			"translation": [0, 4.25, 0]
		},
		"gui": {
			"rotation": [30, -135, 0],
			"translation": [0, 6.25, 0],
			"scale": [1.5, 1.5, 1.5]
		}
	},
	"groups": [
		{
			"name": "lead",
			"origin": [7, 0, 3],
			"color": 0,
			"children": [0, 1]
		}
	]
}