{
	"credit": "Made with Blockbench",
	"textures": {
		"0": "item/name_tag_hand",
		"particle": "item/name_tag_hand"
	},
	"elements": [
		{
			"from": [6, 2, 3.5],
			"to": [10, 3, 11.5],
			"rotation": {"angle": 0, "axis": "x", "origin": [8, 2, 7.5]},
			"faces": {
				"north": {"uv": [8, 4, 12, 5], "texture": "#0"},
				"east": {"uv": [3, 8, 11, 9], "texture": "#0"},
				"south": {"uv": [8, 5, 12, 6], "texture": "#0"},
				"west": {"uv": [8, 3, 16, 4], "texture": "#0"},
				"up": {"uv": [4, 8, 0, 0], "texture": "#0"},
				"down": {"uv": [8, 0, 4, 8], "texture": "#0"}
			}
		},
		{
			"from": [6, 3.1, 3.5],
			"to": [10, 3.1, 11.5],
			"rotation": {"angle": 0, "axis": "x", "origin": [8, 2, 7.5]},
			"faces": {
				"north": {"uv": [8, 4, 12, 5], "texture": "#0"},
				"east": {"uv": [3, 8, 11, 9], "texture": "#0"},
				"south": {"uv": [8, 5, 12, 6], "texture": "#0"},
				"west": {"uv": [8, 3, 16, 4], "texture": "#0"},
				"up": {"uv": [16, 16, 12, 8], "texture": "#0"},
				"down": {"uv": [3, 11, 0, 16], "texture": "#0"}
			}
		},
		{
			"from": [8, 1.05, 9.75],
			"to": [8, 4.05, 12.75],
			"rotation": {"angle": 0, "axis": "x", "origin": [8, 2, 7.5]},
			"faces": {
				"north": {"uv": [0, 0, 0, 3], "texture": "#0"},
				"east": {"uv": [11, 0, 8, 3], "texture": "#0"},
				"south": {"uv": [0, 0, 0, 3], "texture": "#0"},
				"west": {"uv": [8, 0, 11, 3], "texture": "#0"},
				"up": {"uv": [0, 3, 0, 0], "texture": "#0"},
				"down": {"uv": [0, 0, 0, 3], "texture": "#0"}
			}
		},
		{
			"from": [8.1, 0.8, 9.5],
			"to": [8.1, 4.3, 13],
			"rotation": {"angle": 0, "axis": "x", "origin": [8, 2, 7.5]},
			"faces": {
				"north": {"uv": [0, 0, 0, 3], "texture": "#0"},
				"east": {"uv": [12, 4, 15, 7], "texture": "#0"},
				"south": {"uv": [0, 0, 0, 3], "texture": "#0"},
				"west": {"uv": [11, 0, 14, 3], "texture": "#0"},
				"up": {"uv": [0, 3, 0, 0], "texture": "#0"},
				"down": {"uv": [0, 0, 0, 3], "texture": "#0"}
			}
		},
		{
			"from": [7.9, 0.8, 9.5],
			"to": [7.9, 4.3, 13],
			"rotation": {"angle": 0, "axis": "x", "origin": [8, 2, 7.5]},
			"faces": {
				"north": {"uv": [0, 0, 0, 3], "texture": "#0"},
				"east": {"uv": [14, 0, 11, 3], "texture": "#0"},
				"south": {"uv": [0, 0, 0, 3], "texture": "#0"},
				"west": {"uv": [12, 4, 15, 7], "texture": "#0"},
				"up": {"uv": [0, 3, 0, 0], "texture": "#0"},
				"down": {"uv": [0, 0, 0, 3], "texture": "#0"}
			}
		}
	],
	"display": {
		"thirdperson_righthand": {
			"rotation": [-18.75, 0, 0],
			"translation": [0, 4.75, -4.5],
			"scale": [0.81, 0.81, 0.81]
		},
		"thirdperson_lefthand": {
			"rotation": [-18.75, 0, 0],
			"translation": [0, 4.75, -4.5],
			"scale": [0.81, 0.81, 0.81]
		},
		"firstperson_righthand": {
			"rotation": [-98.06, -2.68, 18.76],
			"translation": [-0.5, -1.75, -4.5]
		},
		"firstperson_lefthand": {
			"rotation": [-98.06, -2.68, 18.76],
			"translation": [-0.5, -1.75, -4.5]
		},
		"gui": {
			"rotation": [30, -135, 0],
			"translation": [0, 6.25, 0],
			"scale": [1.5, 1.5, 1.5]
		}
	},
	"groups": [
		{
			"name": "tag",
			"origin": [4.9, -0.95, 10.25],
			"color": 0,
			"children": [0, 1, 2, 3, 4]
		}
	]
}