{
	"credit": "Made with Blockbench",
	"texture_size": [32, 32],
	"textures": {
		"0": "item/netherite_axe_hand"
	},
	"elements": [
		{
			"from": [7.5, -0.5, 7],
			"to": [8.5, 11.5, 9],
			"light_emission": 15,
			"rotation": {"angle": 0, "axis": "y", "origin": [7.5, -0.5, 7]},
			"faces": {
				"north": {"uv": [1, 0, 1.5, 6], "texture": "#0"},
				"east": {"uv": [0, 0, 1, 6], "texture": "#0"},
				"south": {"uv": [2.5, 0, 3, 6], "texture": "#0"},
				"west": {"uv": [2, 0, 3, 6], "texture": "#0"},
				"up": {"uv": [5, 7, 4.5, 6], "texture": "#0"},
				"down": {"uv": [5.5, 6, 5, 7], "texture": "#0"}
			}
		},
		{
			"from": [7.5, 13.5, 7],
			"to": [8.5, 14.5, 9],
			"light_emission": 15,
			"rotation": {"angle": 0, "axis": "y", "origin": [8.5, 13.5, 7]},
			"faces": {
				"north": {"uv": [6, 5.5, 6.5, 6], "texture": "#0"},
				"east": {"uv": [6, 5, 7, 5.5], "texture": "#0"},
				"south": {"uv": [0, 7, 0.5, 7.5], "texture": "#0"},
				"west": {"uv": [5.5, 6, 6.5, 6.5], "texture": "#0"},
				"up": {"uv": [7, 4, 6.5, 3], "texture": "#0"},
				"down": {"uv": [7, 4, 6.5, 5], "texture": "#0"}
			}
		},
		{
			"from": [7, 11.5, 6],
			"to": [9, 13.5, 10],
			"light_emission": 15,
			"rotation": {"angle": 0, "axis": "y", "origin": [7, 11.5, 6]},
			"faces": {
				"north": {"uv": [2, 6.5, 3, 7.5], "texture": "#0"},
				"east": {"uv": [3, 2.5, 5, 3.5], "texture": "#0"},
				"south": {"uv": [5.5, 6.5, 6.5, 7.5], "texture": "#0"},
				"west": {"uv": [3, 3.5, 5, 4.5], "texture": "#0"},
				"up": {"uv": [2, 8, 1, 6], "texture": "#0"},
				"down": {"uv": [4, 6, 3, 8], "texture": "#0"}
			}
		},
		{
			"from": [7.5, 12.2, 2.1],
			"to": [8.5, 17.2, 7.1],
			"light_emission": 15,
			"rotation": {"angle": -45, "axis": "x", "origin": [8.5, 13.2, 7.1]},
			"faces": {
				"north": {"uv": [1.5, 0, 2, 2.5], "texture": "#0"},
				"east": {"uv": [8, 0, 5.5, 2.5], "texture": "#0"},
				"south": {"uv": [1.5, 2.5, 2, 5], "texture": "#0"},
				"west": {"uv": [5.5, 0, 8, 2.5], "texture": "#0"},
				"up": {"uv": [6.5, 5, 6, 2.5], "texture": "#0"},
				"down": {"uv": [4.5, 6, 4, 8.5], "texture": "#0"}
			}
		},
		{
			"from": [7.5, 11.49, 2.75],
			"to": [8.5, 12.49, 4.75],
			"light_emission": 15,
			"rotation": {"angle": -45, "axis": "x", "origin": [8.5, 12.55, 7.75]},
			"faces": {
				"north": {"uv": [3.5, 0.5, 4, 1], "texture": "#0"},
				"east": {"uv": [4, 0, 3, 0.5], "texture": "#0"},
				"south": {"uv": [3.5, 1, 4, 1.5], "texture": "#0"},
				"west": {"uv": [3, 0, 4, 0.5], "texture": "#0"},
				"up": {"uv": [3.5, 1.5, 3, 0.5], "texture": "#0"},
				"down": {"uv": [3.5, 1.5, 3, 2.5], "texture": "#0"}
			}
		},
		{
			"from": [7.5, 12.21, 3.45],
			"to": [8.5, 13.21, 5.45],
			"light_emission": 15,
			"rotation": {"angle": 45, "axis": "x", "origin": [8.5, 13.15, 8.45]},
			"faces": {
				"north": {"uv": [3.5, 0.5, 4, 1], "texture": "#0"},
				"east": {"uv": [4, 0, 3, 0.5], "texture": "#0"},
				"south": {"uv": [3.5, 1, 4, 1.5], "texture": "#0"},
				"west": {"uv": [3, 0, 4, 0.5], "texture": "#0"},
				"up": {"uv": [3.5, 2.5, 3, 1.5], "texture": "#0"},
				"down": {"uv": [3.5, 1.5, 3, 2.5], "texture": "#0"}
			}
		},
		{
			"from": [7.5, 5.83, 8.85],
			"to": [8.5, 6.83, 10.85],
			"light_emission": 15,
			"rotation": {"angle": 45, "axis": "x", "origin": [8.5, 6.85, 13.85]},
			"faces": {
				"north": {"uv": [3.5, 0, 4, 0.5], "texture": "#0"},
				"east": {"uv": [3, 0, 4, 0.5], "texture": "#0"},
				"south": {"uv": [3.5, 0.5, 4, 1], "texture": "#0"},
				"west": {"uv": [4, 0, 3, 0.5], "texture": "#0"},
				"up": {"uv": [3, 0.5, 3.5, 1.5], "texture": "#0"},
				"down": {"uv": [3, 2.5, 3.5, 1.5], "texture": "#0"}
			}
		},
		{
			"from": [7.5, 17.86, 8.15],
			"to": [8.5, 18.86, 10.15],
			"light_emission": 15,
			"rotation": {"angle": -45, "axis": "x", "origin": [8.5, 18.85, 13.15]},
			"faces": {
				"north": {"uv": [3.5, 0, 4, 0.5], "texture": "#0"},
				"east": {"uv": [3, 0.5, 4, 1], "texture": "#0"},
				"south": {"uv": [3.5, 0.5, 4, 1], "texture": "#0"},
				"west": {"uv": [4, 0, 3, 0.5], "texture": "#0"},
				"up": {"uv": [3.5, 1.5, 4, 0.5], "texture": "#0"},
				"down": {"uv": [3, 2.5, 3.5, 1.5], "texture": "#0"}
			}
		},
		{
			"from": [7.5, 12.2, 8.9],
			"to": [8.5, 17.2, 13.9],
			"light_emission": 15,
			"rotation": {"angle": 45, "axis": "x", "origin": [7.5, 13.2, 8.9]},
			"faces": {
				"north": {"uv": [1.5, 2.5, 2, 5], "texture": "#0"},
				"east": {"uv": [5.5, 0, 8, 2.5], "texture": "#0"},
				"south": {"uv": [1.5, 0, 2, 2.5], "texture": "#0"},
				"west": {"uv": [8, 0, 5.5, 2.5], "texture": "#0"},
				"up": {"uv": [6.5, 5, 6, 2.5], "rotation": 180, "texture": "#0"},
				"down": {"uv": [4.5, 6, 4, 8.5], "rotation": 180, "texture": "#0"}
			}
		},
		{
			"from": [7, -2, 8],
			"to": [9, 0, 10],
			"light_emission": 15,
			"rotation": {"angle": -45, "axis": "x", "origin": [7, -2, 8]},
			"faces": {
				"north": {"uv": [3, 5, 4, 6], "texture": "#0"},
				"east": {"uv": [5, 3, 6, 4], "texture": "#0"},
				"south": {"uv": [4, 5, 5, 6], "texture": "#0"},
				"west": {"uv": [5, 4, 6, 5], "texture": "#0"},
				"up": {"uv": [6, 6, 5, 5], "texture": "#0"},
				"down": {"uv": [1, 6, 0, 7], "texture": "#0"}
			}
		}
	],
	"display": {
		"thirdperson_righthand": {
			"translation": [0.5, 2, 1.5],
			"scale": [1.03, 1, 1.03]
		},
		"thirdperson_lefthand": {
			"translation": [0.5, 2, 1.5],
			"scale": [1.03, 1, 1.03]
		},
		"firstperson_righthand": {
			"rotation": [10, -3, -5],
			"translation": [1.25, 0.5, 0.25],
			"scale": [0.74, 0.77, 0.77]
		},
		"firstperson_lefthand": {
			"rotation": [10, -3, -5],
			"translation": [1.25, 0.5, 0.25],
			"scale": [0.74, 0.77, 0.77]
		},
		"gui": {
			"rotation": [30, -135, 0],
			"scale": [0.75, 0.75, 0.75]
		}
	},
	"groups": [
		{
			"name": "handle",
			"origin": [7.5, 0, 7.5],
			"color": 0,
			"children": [0, 1]
		},
		2,
		3,
		4,
		5,
		6,
		7,
		8,
		9
	]
}