{
	"credit": "Made with Blockbench",
	"texture_size": [32, 32],
	"textures": {
		"0": "item/prismarine_shard_hand",
		"particle": "item/prismarine_shard_hand"
	},
	"elements": [
		{
			"from": [4, 1, 7],
			"to": [10, 8, 9],
			"rotation": {"angle": 0, "axis": "y", "origin": [6, 1, 7]},
			"faces": {
				"north": {"uv": [0, 0, 3, 3.5], "texture": "#0"},
				"east": {"uv": [6, 0, 7, 3.5], "texture": "#0"},
				"south": {"uv": [3, 0, 0, 3.5], "texture": "#0"},
				"west": {"uv": [6, 3.5, 7, 7], "texture": "#0"},
				"up": {"uv": [3, 7.5, 0, 6.5], "texture": "#0"},
				"down": {"uv": [6, 6.5, 3, 7.5], "texture": "#0"}
			}
		},
		{
			"from": [4, 8, 7],
			"to": [8, 10, 9],
			"rotation": {"angle": 0, "axis": "y", "origin": [6, 8, 7]},
			"faces": {
				"north": {"uv": [7, 3, 9, 4], "texture": "#0"},
				"east": {"uv": [7, 6, 8, 7], "texture": "#0"},
				"south": {"uv": [9, 3, 7, 4], "texture": "#0"},
				"west": {"uv": [0, 7.5, 1, 8.5], "texture": "#0"},
				"up": {"uv": [9, 6, 7, 5], "texture": "#0"},
				"down": {"uv": [8, 7, 6, 8], "texture": "#0"}
			}
		},
		{
			"from": [4, 10, 7],
			"to": [6, 12, 9],
			"rotation": {"angle": 0, "axis": "y", "origin": [6, 10, 7]},
			"faces": {
				"north": {"uv": [1, 7.5, 2, 8.5], "texture": "#0"},
				"east": {"uv": [2, 7.5, 3, 8.5], "texture": "#0"},
				"south": {"uv": [2, 7.5, 1, 8.5], "texture": "#0"},
				"west": {"uv": [4, 7.5, 5, 8.5], "texture": "#0"},
				"up": {"uv": [6, 8.5, 5, 7.5], "texture": "#0"},
				"down": {"uv": [7, 8, 6, 9], "texture": "#0"}
			}
		},
		{
			"from": [7.25, 0.75, 6.5],
			"to": [10.25, 6.75, 9.5],
			"rotation": {"angle": 0, "axis": "y", "origin": [7.25, 0.75, 7.5]},
			"faces": {
				"north": {"uv": [0, 3.5, 1.5, 6.5], "texture": "#0"},
				"east": {"uv": [1.5, 3.5, 3, 6.5], "texture": "#0"},
				"south": {"uv": [1.5, 3.5, 3, 6.5], "texture": "#0"},
				"west": {"uv": [4.5, 3.5, 6, 6.5], "texture": "#0"},
				"up": {"uv": [8.5, 1.5, 7, 0], "texture": "#0"},
				"down": {"uv": [8.5, 1.5, 7, 3], "texture": "#0"}
			}
		}
	],
	"display": {
		"thirdperson_righthand": {
			"translation": [0, 3.5, 1.5],
			"scale": [0.5, 0.5, 0.5]
		},
		"thirdperson_lefthand": {
			"translation": [0, 3.5, 1.5],
			"scale": [0.5, 0.5, 0.5]
		},
		"firstperson_righthand": {
			"rotation": [-23.41, 70.62, 4.96],
			"translation": [0.75, 7, 1.25],
			"scale": [0.8, 0.8, 0.8]
		}
	},
	"groups": [
		{
			"name": "prismarine shard",
			"origin": [8.5, -0.5, 7.5],
			"color": 0,
			"children": [0, 1, 2, 3]
		}
	]
}