{
	"credit": "Made with Blockbench",
	"textures": {
		"0": "item/prismarine_crystals_hand",
		"particle": "item/prismarine_crystals_hand"
	},
	"elements": [
		{
			"from": [5, 3, 5],
			"to": [9, 4, 10],
			"rotation": {"angle": 0, "axis": "y", "origin": [5, 3, 5]},
			"faces": {
				"north": {"uv": [12, 3, 16, 4], "texture": "#0"},
				"east": {"uv": [5, 11, 10, 12], "texture": "#0"},
				"south": {"uv": [4, 12, 8, 13], "texture": "#0"},
				"west": {"uv": [10, 11, 15, 12], "texture": "#0"},
				"up": {"uv": [12, 5, 8, 0], "texture": "#0"},
				"down": {"uv": [12, 5, 8, 10], "texture": "#0"}
			}
		},
		{
			"from": [3, 2, 4],
			"to": [7, 3, 9],
			"rotation": {"angle": 0, "axis": "y", "origin": [3, 2, 4]},
			"faces": {
				"north": {"uv": [12, 3, 16, 4], "texture": "#0"},
				"east": {"uv": [5, 11, 10, 12], "texture": "#0"},
				"south": {"uv": [4, 12, 8, 13], "texture": "#0"},
				"west": {"uv": [10, 11, 15, 12], "texture": "#0"},
				"up": {"uv": [12, 5, 8, 0], "texture": "#0"},
				"down": {"uv": [12, 5, 8, 10], "texture": "#0"}
			}
		},
		{
			"from": [8, 2, 4],
			"to": [12, 3, 9],
			"rotation": {"angle": -22.5, "axis": "y", "origin": [8, 2, 4]},
			"faces": {
				"north": {"uv": [12, 3, 16, 4], "texture": "#0"},
				"east": {"uv": [5, 11, 10, 12], "texture": "#0"},
				"south": {"uv": [4, 12, 8, 13], "texture": "#0"},
				"west": {"uv": [10, 11, 15, 12], "texture": "#0"},
				"up": {"uv": [12, 5, 8, 0], "texture": "#0"},
				"down": {"uv": [12, 5, 8, 10], "texture": "#0"}
			}
		}
	],
	"display": {
		"firstperson_righthand": {
			"rotation": [-23.41, 70.62, 4.96],
			"translation": [0.75, 7, 1.25],
			"scale": [0.8, 0.8, 0.8]
		}
	},
	"groups": [
		{
			"name": "prismarine_crystals",
			"origin": [8, 0, 4],
			"color": 0,
			"children": [0, 1, 2]
		}
	]
}