{
	"credit": "Made with Blockbench",
	"texture_size": [32, 32],
	"textures": {
		"1": "item/nether_quartz_hand"
	},
	"elements": [
		{
			"from": [6, 2, 6],
			"to": [10, 4, 10],
			"rotation": {"angle": 0, "axis": "y", "origin": [7, 2, 6]},
			"faces": {
				"north": {"uv": [6, 2.5, 8, 3.5], "texture": "#1"},
				"east": {"uv": [6, 3.5, 8, 4.5], "texture": "#1"},
				"south": {"uv": [6, 4.5, 8, 5.5], "texture": "#1"},
				"west": {"uv": [6, 5.5, 8, 6.5], "texture": "#1"},
				"up": {"uv": [2, 2, 0, 0], "texture": "#1"},
				"down": {"uv": [2, 2, 0, 4], "texture": "#1"}
			}
		},
		{
			"from": [5.6, 2, 7],
			"to": [7.6, 9, 9],
			"rotation": {"angle": 22.5, "axis": "z", "origin": [5.6, 3, 7]},
			"faces": {
				"north": {"uv": [8, 6, 9, 9.5], "texture": "#1"},
				"east": {"uv": [7, 8, 8, 11.5], "texture": "#1"},
				"south": {"uv": [0, 8.5, 1, 12], "texture": "#1"},
				"west": {"uv": [1, 8.5, 2, 12], "texture": "#1"},
				"up": {"uv": [3, 9.5, 2, 8.5], "texture": "#1"},
				"down": {"uv": [4, 8.5, 3, 9.5], "texture": "#1"}
			}
		},
		{
			"from": [7, 4, 7.01],
			"to": [9, 11, 9.01],
			"rotation": {"angle": 0, "axis": "z", "origin": [7, 5, 7]},
			"faces": {
				"north": {"uv": [2, 0, 3, 3.5], "texture": "#1"},
				"east": {"uv": [3, 0, 4, 3.5], "texture": "#1"},
				"south": {"uv": [2, 3.5, 3, 7], "texture": "#1"},
				"west": {"uv": [3, 3.5, 4, 7], "texture": "#1"},
				"up": {"uv": [6, 8.5, 5, 7.5], "texture": "#1"},
				"down": {"uv": [9, 0, 8, 1], "texture": "#1"}
			}
		},
		{
			"from": [7, 2.5, 5.25],
			"to": [9, 5.5, 7.25],
			"rotation": {"angle": -45, "axis": "x", "origin": [7, 3.5, 5.25]},
			"faces": {
				"north": {"uv": [4, 6, 5, 7.5], "texture": "#1"},
				"east": {"uv": [6, 6.5, 7, 8], "texture": "#1"},
				"south": {"uv": [0, 7, 1, 8.5], "texture": "#1"},
				"west": {"uv": [7, 0, 8, 1.5], "texture": "#1"},
				"up": {"uv": [9, 2, 8, 1], "texture": "#1"},
				"down": {"uv": [9, 2, 8, 3], "texture": "#1"}
			}
		},
		{
			"from": [8.25, 2.75, 7],
			"to": [10.25, 7.75, 9],
			"rotation": {"angle": -22.5, "axis": "z", "origin": [8.25, 2.75, 7]},
			"faces": {
				"north": {"uv": [5, 0, 6, 2.5], "texture": "#1"},
				"east": {"uv": [5, 2.5, 6, 5], "texture": "#1"},
				"south": {"uv": [5, 5, 6, 7.5], "texture": "#1"},
				"west": {"uv": [6, 0, 7, 2.5], "texture": "#1"},
				"up": {"uv": [9, 4, 8, 3], "texture": "#1"},
				"down": {"uv": [9, 4, 8, 5], "texture": "#1"}
			}
		},
		{
			"from": [7, 3.4, 8.5],
			"to": [9, 6.4, 10.5],
			"rotation": {"angle": 45, "axis": "x", "origin": [7, 3.4, 8.5]},
			"faces": {
				"north": {"uv": [1, 7, 2, 8.5], "texture": "#1"},
				"east": {"uv": [2, 7, 3, 8.5], "texture": "#1"},
				"south": {"uv": [3, 7, 4, 8.5], "texture": "#1"},
				"west": {"uv": [7, 6.5, 8, 8], "texture": "#1"},
				"up": {"uv": [9, 6, 8, 5], "texture": "#1"},
				"down": {"uv": [7, 8, 6, 9], "texture": "#1"}
			}
		}
	],
	"display": {
		"thirdperson_righthand": {
			"translation": [0, 4.5, 1.5],
			"scale": [0.75, 0.75, 0.75]
		},
		"thirdperson_lefthand": {
			"translation": [0, 4.5, 1.5],
			"scale": [0.75, 0.75, 0.75]
		},
		"firstperson_righthand": {
			"rotation": [-23.41, 70.62, 4.96],
			"translation": [0.75, 7, 1.25],
			"scale": [0.8, 0.8, 0.8]
		},
		"firstperson_lefthand": {
			"rotation": [-23.41, 70.62, 4.96],
			"translation": [0.75, 7, 1.25],
			"scale": [0.8, 0.8, 0.8]
		}
	},
	"groups": [
		{
			"name": "quartz",
			"origin": [8.5, 6, 1.5],
			"color": 0,
			"children": [0, 1, 2, 3, 4, 5]
		}
	]
}