{
	"credit": "Made with Blockbench",
	"texture_size": [32, 32],
	"textures": {
		"0": "item/raw_iron_hand",
		"particle": "item/raw_iron_hand"
	},
	"elements": [
		{
			"from": [5, 2, 6],
			"to": [11, 6, 10],
			"light_emission": 15,
			"rotation": {"angle": 0, "axis": "y", "origin": [5, 2, 6]},
			"faces": {
				"north": {"uv": [0, 0, 3, 2], "texture": "#0"},
				"east": {"uv": [0, 4, 2, 6], "texture": "#0"},
				"south": {"uv": [0, 2, 3, 4], "texture": "#0"},
				"west": {"uv": [2, 4, 4, 6], "texture": "#0"},
				"up": {"uv": [6, 2, 3, 0], "texture": "#0"},
				"down": {"uv": [6, 2, 3, 4], "texture": "#0"}
			}
		},
		{
			"from": [4, 2, 5],
			"to": [7, 5, 8],
			"light_emission": 15,
			"rotation": {"angle": 0, "axis": "y", "origin": [3, 2, 5]},
			"faces": {
				"north": {"uv": [4, 4, 5.5, 5.5], "texture": "#0"},
				"east": {"uv": [4, 5.5, 5.5, 7], "texture": "#0"},
				"south": {"uv": [5.5, 4, 7, 5.5], "texture": "#0"},
				"west": {"uv": [5.5, 5.5, 7, 7], "texture": "#0"},
				"up": {"uv": [1.5, 7.5, 0, 6], "texture": "#0"},
				"down": {"uv": [7.5, 0, 6, 1.5], "texture": "#0"}
			}
		}
	],
	"display": {
		"thirdperson_righthand": {
			"translation": [0, 4.5, 1.5],
			"scale": [0.75, 0.75, 0.75]
		},
		"thirdperson_lefthand": {
			"translation": [0, 4.5, 1.5],
			"scale": [0.75, 0.75, 0.75]
		},
		"firstperson_righthand": {
			"rotation": [-23.41, 70.62, 4.96],
			"translation": [0.75, 7.75, 1.25]
		},
		"firstperson_lefthand": {
			"rotation": [-23.41, 70.62, 4.96],
			"translation": [0.75, 7.75, 1.25]
		}
	},
	"groups": [
		{
			"name": "iron",
			"origin": [11, 2.15, 7],
			"color": 0,
			"children": [0, 1]
		}
	]
}