{
	"credit": "Made with Blockbench",
	"texture_size": [32, 32],
	"textures": {
		"2": "item/raw_copper_hand",
		"particle": "item/raw_copper_hand"
	},
	"elements": [
		{
			"from": [5, 2, 6],
			"to": [10, 6, 10],
			"rotation": {"angle": 0, "axis": "y", "origin": [5, 2, 6]},
			"faces": {
				"north": {"uv": [0, 0, 2.5, 2], "texture": "#2"},
				"east": {"uv": [0, 4, 2, 6], "texture": "#2"},
				"south": {"uv": [0, 2, 2.5, 4], "texture": "#2"},
				"west": {"uv": [2, 4, 4, 6], "texture": "#2"},
				"up": {"uv": [5, 2, 2.5, 0], "texture": "#2"},
				"down": {"uv": [5, 2, 2.5, 4], "texture": "#2"}
			}
		},
		{
			"from": [10, 2, 6],
			"to": [11, 5, 10],
			"rotation": {"angle": 0, "axis": "y", "origin": [10, 2, 6]},
			"faces": {
				"north": {"uv": [5, 7, 5.5, 8.5], "texture": "#2"},
				"east": {"uv": [4, 4, 6, 5.5], "texture": "#2"},
				"south": {"uv": [5.5, 7, 6, 8.5], "texture": "#2"},
				"west": {"uv": [5, 0, 7, 1.5], "texture": "#2"},
				"up": {"uv": [3.5, 8, 3, 6], "texture": "#2"},
				"down": {"uv": [4, 6, 3.5, 8], "texture": "#2"}
			}
		},
		{
			"from": [3, 4.75, 6.5],
			"to": [6, 7.75, 9.5],
			"rotation": {"angle": -22.5, "axis": "z", "origin": [2, 4.75, 6.5]},
			"faces": {
				"north": {"uv": [5, 1.5, 6.5, 3], "texture": "#2"},
				"east": {"uv": [4, 5.5, 5.5, 7], "texture": "#2"},
				"south": {"uv": [5.5, 5.5, 7, 7], "texture": "#2"},
				"west": {"uv": [0, 6, 1.5, 7.5], "texture": "#2"},
				"up": {"uv": [3, 7.5, 1.5, 6], "texture": "#2"},
				"down": {"uv": [7.5, 3, 6, 4.5], "texture": "#2"}
			}
		},
		{
			"from": [4, 2, 5],
			"to": [6, 4, 7],
			"rotation": {"angle": 0, "axis": "y", "origin": [4, 2, 5]},
			"faces": {
				"north": {"uv": [5, 3, 6, 4], "texture": "#2"},
				"east": {"uv": [6, 4.5, 7, 5.5], "texture": "#2"},
				"south": {"uv": [6.5, 1.5, 7.5, 2.5], "texture": "#2"},
				"west": {"uv": [7, 0, 8, 1], "texture": "#2"},
				"up": {"uv": [5, 8, 4, 7], "texture": "#2"},
				"down": {"uv": [8, 4.5, 7, 5.5], "texture": "#2"}
			}
		}
	],
	"display": {
		"thirdperson_righthand": {
			"translation": [0.25, 4.5, 1.5],
			"scale": [0.75, 0.75, 0.75]
		},
		"thirdperson_lefthand": {
			"translation": [0.25, 4.5, 1.5],
			"scale": [0.75, 0.75, 0.75]
		},
		"firstperson_righthand": {
			"rotation": [-23.41, 70.62, 4.96],
			"translation": [0.75, 7.75, 1.25]
		},
		"firstperson_lefthand": {
			"rotation": [-23.41, 70.62, 4.96],
			"translation": [0.75, 7.75, 1.25]
		}
	},
	"groups": [
		{
			"name": "copper",
			"origin": [11, 2.15, 7],
			"color": 0,
			"children": [0, 1, 2, 3]
		}
	]
}