{
	"credit": "Made with Blockbench",
	"texture_size": [32, 32],
	"textures": {
		"0": "item/saddle_hand",
		"particle": "item/saddle_hand"
	},
	"elements": [
		{
			"from": [4.75, 2, 1.75],
			"to": [7, 5.25, 11.25],
			"rotation": {"angle": 0, "axis": "y", "origin": [5, 4, 2]},
			"faces": {
				"north": {"uv": [4, 7.5, 5, 9], "texture": "#0"},
				"east": {"uv": [0, 4.5, 5, 6], "texture": "#0"},
				"south": {"uv": [8, 6, 9, 7.5], "texture": "#0"},
				"west": {"uv": [5, 4.5, 10, 6], "texture": "#0"},
				"up": {"uv": [6, 11, 5, 6], "texture": "#0"},
				"down": {"uv": [7, 6, 6, 11], "texture": "#0"}
			}
		},
		{
			"from": [9, 2, 1.75],
			"to": [11.25, 5.25, 11.25],
			"rotation": {"angle": 0, "axis": "y", "origin": [9.25, 4, 2]},
			"faces": {
				"north": {"uv": [8, 8, 9, 9.5], "texture": "#0"},
				"east": {"uv": [0, 6, 5, 7.5], "texture": "#0"},
				"south": {"uv": [1, 9, 2, 10.5], "texture": "#0"},
				"west": {"uv": [6, 0, 11, 1.5], "texture": "#0"},
				"up": {"uv": [8, 11, 7, 6], "texture": "#0"},
				"down": {"uv": [1, 7.5, 0, 12.5], "texture": "#0"}
			}
		},
		{
			"from": [5, 4, 2],
			"to": [11, 5, 11],
			"rotation": {"angle": 0, "axis": "y", "origin": [5, 3, 2]},
			"faces": {
				"north": {"uv": [6, 4, 9, 4.5], "texture": "#0"},
				"east": {"uv": [6, 1.5, 10.5, 2], "texture": "#0"},
				"south": {"uv": [8, 7.5, 11, 8], "texture": "#0"},
				"west": {"uv": [6, 2, 10.5, 2.5], "texture": "#0"},
				"up": {"uv": [3, 4.5, 0, 0], "texture": "#0"},
				"down": {"uv": [6, 0, 3, 4.5], "texture": "#0"}
			}
		},
		{
			"from": [3.75, 3, 8],
			"to": [3.75, 6, 9],
			"rotation": {"angle": -22.5, "axis": "z", "origin": [1.75, 3, 8]},
			"faces": {
				"north": {"uv": [0, 0, 0, 1.5], "texture": "#0"},
				"east": {"uv": [2, 9, 2.5, 10.5], "texture": "#0"},
				"south": {"uv": [0, 0, 0, 1.5], "texture": "#0"},
				"west": {"uv": [2.5, 9, 3, 10.5], "texture": "#0"},
				"up": {"uv": [0, 0.5, 0, 0], "texture": "#0"},
				"down": {"uv": [0, 0, 0, 0.5], "texture": "#0"}
			}
		},
		{
			"from": [12.6, 1.5, 8],
			"to": [12.6, 4.5, 9],
			"rotation": {"angle": 22.5, "axis": "z", "origin": [10.6, 1.5, 8]},
			"faces": {
				"north": {"uv": [0, 0, 0, 1.5], "texture": "#0"},
				"east": {"uv": [9, 2.5, 9.5, 4], "texture": "#0"},
				"south": {"uv": [0, 0, 0, 1.5], "texture": "#0"},
				"west": {"uv": [3, 9, 3.5, 10.5], "texture": "#0"},
				"up": {"uv": [0, 0.5, 0, 0], "texture": "#0"},
				"down": {"uv": [0, 0, 0, 0.5], "texture": "#0"}
			}
		},
		{
			"from": [3.55, 0.3, 7.5],
			"to": [3.55, 2.3, 9.5],
			"rotation": {"angle": 0, "axis": "y", "origin": [1.55, -0.7, 6.5]},
			"faces": {
				"north": {"uv": [0, 0, 0, 1.5], "texture": "#0"},
				"east": {"uv": [2.5, 7.5, 4, 9], "texture": "#0"},
				"south": {"uv": [0, 0, 0, 1.5], "texture": "#0"},
				"west": {"uv": [4, 7.5, 2.5, 9], "texture": "#0"},
				"up": {"uv": [0, 1.5, 0, 0], "texture": "#0"},
				"down": {"uv": [0, 0, 0, 1.5], "texture": "#0"}
			}
		},
		{
			"from": [12.45, 0.3, 7.5],
			"to": [12.45, 2.3, 9.5],
			"rotation": {"angle": 0, "axis": "y", "origin": [10.45, -0.7, 6.5]},
			"faces": {
				"north": {"uv": [0, 0, 0, 1.5], "texture": "#0"},
				"east": {"uv": [2.5, 7.5, 4, 9], "texture": "#0"},
				"south": {"uv": [0, 0, 0, 1.5], "texture": "#0"},
				"west": {"uv": [4, 7.5, 2.5, 9], "texture": "#0"},
				"up": {"uv": [0, 1.5, 0, 0], "texture": "#0"},
				"down": {"uv": [0, 0, 0, 1.5], "texture": "#0"}
			}
		}
	],
	"display": {
		"thirdperson_righthand": {
			"rotation": [-20.25, 0, 0],
			"translation": [0, 2, -4]
		},
		"thirdperson_lefthand": {
			"rotation": [-20.25, 0, 0],
			"translation": [0, 2, -4]
		},
		"firstperson_righthand": {
			"rotation": [-42.27, 14.34, 33.75],
			"translation": [-1.25, 7.25, 0]
		},
		"firstperson_lefthand": {
			"rotation": [-42.27, 14.34, 33.75],
			"translation": [-1.25, 7.25, 0]
		},
		"gui": {
			"rotation": [30, -135, 0],
			"translation": [-1, 4.25, 0]
		}
	},
	"groups": [
		{
			"name": "saddle",
			"origin": [10.45, -0.7, 6.5],
			"color": 0,
			"children": [0, 1, 2, 3, 4, 5, 6]
		}
	]
}