{
	"credit": "Made with Blockbench",
	"textures": {
		"0": "item/turtle_scute_hand",
		"particle": "item/turtle_scute_hand"
	},
	"elements": [
		{
			"from": [5, 2, 7],
			"to": [11, 3, 9],
			"rotation": {"angle": 0, "axis": "y", "origin": [7, 2, 7]},
			"faces": {
				"north": {"uv": [0, 4, 6, 5], "texture": "#0"},
				"east": {"uv": [0, 7, 2, 8], "texture": "#0"},
				"south": {"uv": [0, 5, 6, 6], "texture": "#0"},
				"west": {"uv": [2, 7, 4, 8], "texture": "#0"},
				"up": {"uv": [6, 2, 0, 0], "texture": "#0"},
				"down": {"uv": [6, 0, 0, 2], "texture": "#0"}
			}
		},
		{
			"from": [6, 2, 6],
			"to": [10, 3, 7],
			"rotation": {"angle": 0, "axis": "y", "origin": [7, 2, 5]},
			"faces": {
				"north": {"uv": [0, 6, 4, 7], "texture": "#0"},
				"east": {"uv": [4, 7, 5, 8], "texture": "#0"},
				"south": {"uv": [6, 0, 10, 1], "texture": "#0"},
				"west": {"uv": [5, 7, 6, 8], "texture": "#0"},
				"up": {"uv": [10, 2, 6, 1], "texture": "#0"},
				"down": {"uv": [10, 2, 6, 3], "texture": "#0"}
			}
		},
		{
			"from": [6, 2, 9],
			"to": [10, 3, 10],
			"rotation": {"angle": 0, "axis": "y", "origin": [7, 2, 8]},
			"faces": {
				"north": {"uv": [6, 3, 10, 4], "texture": "#0"},
				"east": {"uv": [6, 7, 7, 8], "texture": "#0"},
				"south": {"uv": [4, 6, 8, 7], "texture": "#0"},
				"west": {"uv": [7, 7, 8, 8], "texture": "#0"},
				"up": {"uv": [10, 5, 6, 4], "texture": "#0"},
				"down": {"uv": [10, 5, 6, 6], "texture": "#0"}
			}
		}
	],
	"display": {
		"thirdperson_righthand": {
			"translation": [0, 3, 1],
			"scale": [0.5, 0.5, 0.5]
		},
		"thirdperson_lefthand": {
			"translation": [0, 3, 1],
			"scale": [0.5, 0.5, 0.5]
		},
		"firstperson_righthand": {
			"rotation": [-23.41, 70.62, 4.96],
			"translation": [0.75, 7, 1.25],
			"scale": [0.8, 0.8, 0.8]
		},
		"firstperson_lefthand": {
			"rotation": [-23.41, 70.62, 4.96],
			"translation": [0.75, 7, 1.25],
			"scale": [0.8, 0.8, 0.8]
		}
	},
	"groups": [
		{
			"name": "scute",
			"origin": [7, 0, 8],
			"color": 0,
			"children": [0, 1, 2]
		}
	]
}