{
	"credit": "Made with Blockbench",
	"texture_size": [32, 32],
	"textures": {
		"1": "item/wooden_pickaxe_hand"
	},
	"elements": [
		{
			"from": [7.5, -0.5, 7],
			"to": [8.5, 11.5, 9],
			"rotation": {"angle": 0, "axis": "y", "origin": [7.5, -0.5, 7]},
			"faces": {
				"north": {"uv": [2, 0, 2.5, 6], "texture": "#1"},
				"east": {"uv": [0, 0, 1, 6], "texture": "#1"},
				"south": {"uv": [2.5, 0, 3, 6], "texture": "#1"},
				"west": {"uv": [2, 0, 3, 6], "texture": "#1"},
				"up": {"uv": [5, 7, 4.5, 6], "texture": "#1"},
				"down": {"uv": [5.5, 6, 5, 7], "texture": "#1"}
			}
		},
		{
			"from": [7.5, 13.5, 7],
			"to": [8.5, 14.5, 9],
			"rotation": {"angle": 0, "axis": "y", "origin": [8.5, 13.5, 7]},
			"faces": {
				"north": {"uv": [6, 5.5, 6.5, 6], "texture": "#1"},
				"east": {"uv": [6, 5, 7, 5.5], "texture": "#1"},
				"south": {"uv": [0, 7, 0.5, 7.5], "texture": "#1"},
				"west": {"uv": [5.5, 6, 6.5, 6.5], "texture": "#1"},
				"up": {"uv": [7, 4, 6.5, 3], "texture": "#1"},
				"down": {"uv": [7, 4, 6.5, 5], "texture": "#1"}
			}
		},
		{
			"from": [7, -2, 8],
			"to": [9, 0, 10],
			"rotation": {"angle": -45, "axis": "x", "origin": [7, -2, 8]},
			"faces": {
				"north": {"uv": [3, 5, 4, 6], "texture": "#1"},
				"east": {"uv": [5, 3, 6, 4], "texture": "#1"},
				"south": {"uv": [4, 5, 5, 6], "texture": "#1"},
				"west": {"uv": [5, 4, 6, 5], "texture": "#1"},
				"up": {"uv": [6, 6, 5, 5], "texture": "#1"},
				"down": {"uv": [1, 6, 0, 7], "texture": "#1"}
			}
		},
		{
			"from": [8, 8, 9],
			"to": [8, 10, 12],
			"rotation": {"angle": 0, "axis": "y", "origin": [8, 8, 9]},
			"faces": {
				"north": {"uv": [0, 0, 0, 1], "texture": "#1"},
				"east": {"uv": [7, 1, 8.5, 2], "texture": "#1"},
				"south": {"uv": [0, 0, 0, 1], "texture": "#1"},
				"west": {"uv": [1.5, 7, 3, 8], "texture": "#1"},
				"up": {"uv": [0, 1.5, 0, 0], "texture": "#1"},
				"down": {"uv": [0, 0, 0, 1.5], "texture": "#1"}
			}
		},
		{
			"from": [7, 11.5, 6],
			"to": [9, 13.5, 10],
			"rotation": {"angle": 0, "axis": "y", "origin": [7, 11.5, 7]},
			"faces": {
				"north": {"uv": [1, 6, 2, 7], "texture": "#1"},
				"east": {"uv": [3, 0, 5, 1], "texture": "#1"},
				"south": {"uv": [2, 6, 3, 7], "texture": "#1"},
				"west": {"uv": [3, 0, 5, 1], "texture": "#1"},
				"up": {"uv": [4, 4, 3, 2], "texture": "#1"},
				"down": {"uv": [5, 2, 4, 4], "texture": "#1"}
			}
		},
		{
			"from": [7.5, 11.269, 9.15],
			"to": [8.5, 13.269, 13.15],
			"rotation": {"angle": 22.5, "axis": "x", "origin": [7.5, 11.25, 10.15]},
			"faces": {
				"north": {"uv": [5.5, 6.5, 6, 7.5], "texture": "#1"},
				"east": {"uv": [3, 4, 5, 5], "texture": "#1"},
				"south": {"uv": [6.5, 5.5, 7, 6.5], "texture": "#1"},
				"west": {"uv": [5, 0, 7, 1], "texture": "#1"},
				"up": {"uv": [3.5, 8, 3, 6], "texture": "#1"},
				"down": {"uv": [6.5, 3, 6, 5], "texture": "#1"}
			}
		},
		{
			"from": [7.5, 11.269, 2.85],
			"to": [8.5, 13.269, 6.85],
			"rotation": {"angle": -22.5, "axis": "x", "origin": [9.5, 11.25, 5.85]},
			"faces": {
				"north": {"uv": [6, 6.5, 6.5, 7.5], "texture": "#1"},
				"east": {"uv": [5, 1, 7, 2], "texture": "#1"},
				"south": {"uv": [6.5, 6.5, 7, 7.5], "texture": "#1"},
				"west": {"uv": [5, 2, 7, 3], "texture": "#1"},
				"up": {"uv": [4, 8, 3.5, 6], "texture": "#1"},
				"down": {"uv": [4.5, 6, 4, 8], "texture": "#1"}
			}
		},
		{
			"from": [7.5, 9.667, 2.75],
			"to": [8.5, 11.067, 4.15],
			"rotation": {"angle": 22.5, "axis": "x", "origin": [10.5, 12.65, 4.75]},
			"faces": {
				"north": {"uv": [1, 7, 1.5, 7.5], "texture": "#1"},
				"east": {"uv": [1, 7, 1.5, 7.5], "texture": "#1"},
				"south": {"uv": [0, 0, 0, 0.5], "texture": "#1"},
				"west": {"uv": [1, 7, 1.5, 7.5], "texture": "#1"},
				"up": {"uv": [0, 0.5, 0, 0], "texture": "#1"},
				"down": {"uv": [1, 7, 1.5, 7.5], "texture": "#1"}
			}
		},
		{
			"from": [7.5, 11.13, 11.93],
			"to": [8.5, 12.53, 13.33],
			"rotation": {"angle": -22.5, "axis": "x", "origin": [5.5, 13.15, 14.95]},
			"faces": {
				"north": {"uv": [0, 0, 0, 0.5], "texture": "#1"},
				"east": {"uv": [7, 0.5, 7.5, 1], "texture": "#1"},
				"south": {"uv": [1, 7, 1.5, 7.5], "texture": "#1"},
				"west": {"uv": [1, 7, 1.5, 7.5], "texture": "#1"},
				"up": {"uv": [0, 0.5, 0, 0], "texture": "#1"},
				"down": {"uv": [1, 7.5, 1.5, 7], "texture": "#1"}
			}
		}
	],
	"display": {
		"thirdperson_righthand": {
			"translation": [0.5, 2, 1.5],
			"scale": [1.03, 1, 1.03]
		},
		"thirdperson_lefthand": {
			"translation": [0, 2, 1],
			"scale": [1.03, 1, 1.03]
		},
		"firstperson_righthand": {
			"rotation": [10, -3, -5],
			"translation": [1.25, 0.5, 0.25],
			"scale": [0.74, 0.77, 0.77]
		},
		"firstperson_lefthand": {
			"rotation": [10, -3, -5],
			"translation": [1.25, 0.5, 0.25],
			"scale": [0.74, 0.77, 0.77]
		},
		"gui": {
			"rotation": [30, -135, 0],
			"translation": [0, 1.25, 0]
		}
	},
	"groups": [
		{
			"name": "handle",
			"origin": [7.5, 0, 7.5],
			"color": 0,
			"children": [0, 1, 2, 3]
		},
		{
			"name": "absolutepeak",
			"origin": [8, 14, 4.5],
			"color": 0,
			"children": [4, 5, 6, 7, 8]
		}
	]
}