{
	"credit": "Made with Blockbench",
	"texture_size": [32, 32],
	"textures": {
		"0": "item/wooden_axe_hand"
	},
	"elements": [
		{
			"from": [7.5, -0.5, 7],
			"to": [8.5, 11.5, 9],
			"rotation": {"angle": 0, "axis": "y", "origin": [7.5, -0.5, 7]},
			"faces": {
				"north": {"uv": [1, 0, 1.5, 6], "texture": "#0"},
				"east": {"uv": [0, 0, 1, 6], "texture": "#0"},
				"south": {"uv": [2.5, 0, 3, 6], "texture": "#0"},
				"west": {"uv": [2, 0, 3, 6], "texture": "#0"},
				"up": {"uv": [5, 7, 4.5, 6], "texture": "#0"},
				"down": {"uv": [5.5, 6, 5, 7], "texture": "#0"}
			}
		},
		{
			"from": [7.5, 13.5, 7],
			"to": [8.5, 14.5, 9],
			"rotation": {"angle": 0, "axis": "y", "origin": [8.5, 13.5, 7]},
			"faces": {
				"north": {"uv": [6, 5.5, 6.5, 6], "texture": "#0"},
				"east": {"uv": [6, 5, 7, 5.5], "texture": "#0"},
				"south": {"uv": [0, 7, 0.5, 7.5], "texture": "#0"},
				"west": {"uv": [5.5, 6, 6.5, 6.5], "texture": "#0"},
				"up": {"uv": [7, 4, 6.5, 3], "texture": "#0"},
				"down": {"uv": [7, 4, 6.5, 5], "texture": "#0"}
			}
		},
		{
			"from": [7, -2, 8],
			"to": [9, 0, 10],
			"rotation": {"angle": -45, "axis": "x", "origin": [7, -2, 8]},
			"color": 3,
			"faces": {
				"north": {"uv": [6, 10, 8, 12], "texture": "#missing"},
				"east": {"uv": [10, 6, 12, 8], "texture": "#missing"},
				"south": {"uv": [8, 10, 10, 12], "texture": "#missing"},
				"west": {"uv": [10, 8, 12, 10], "texture": "#missing"},
				"up": {"uv": [12, 12, 10, 10], "texture": "#missing"},
				"down": {"uv": [2, 12, 0, 14], "texture": "#missing"}
			}
		},
		{
			"from": [8, 8, 9],
			"to": [8, 10, 12],
			"rotation": {"angle": 0, "axis": "y", "origin": [8, 8, 9]},
			"faces": {
				"north": {"uv": [0, 0, 0, 1], "texture": "#0"},
				"east": {"uv": [3, 0, 4.5, 1], "texture": "#0"},
				"south": {"uv": [0, 0, 0, 1], "texture": "#0"},
				"west": {"uv": [3, 1, 4.5, 2], "texture": "#0"},
				"up": {"uv": [0, 1.5, 0, 0], "texture": "#0"},
				"down": {"uv": [0, 0, 0, 1.5], "texture": "#0"}
			}
		},
		{
			"from": [7, 11.5, 6],
			"to": [9, 13.5, 10],
			"rotation": {"angle": 0, "axis": "y", "origin": [7, 11.5, 6]},
			"faces": {
				"north": {"uv": [2, 6.5, 3, 7.5], "texture": "#0"},
				"east": {"uv": [3, 2.5, 5, 3.5], "texture": "#0"},
				"south": {"uv": [5.5, 6.5, 6.5, 7.5], "texture": "#0"},
				"west": {"uv": [3, 3.5, 5, 4.5], "texture": "#0"},
				"up": {"uv": [2, 8, 1, 6], "texture": "#0"},
				"down": {"uv": [4, 6, 3, 8], "texture": "#0"}
			}
		},
		{
			"from": [7.5, 12.2, 2.3],
			"to": [8.5, 17.2, 7.3],
			"rotation": {"angle": -45, "axis": "x", "origin": [8.5, 13.2, 7.3]},
			"faces": {
				"north": {"uv": [1.5, 0, 2, 2.5], "texture": "#0"},
				"east": {"uv": [8, 0, 5.5, 2.5], "texture": "#0"},
				"south": {"uv": [1.5, 2.5, 2, 5], "texture": "#0"},
				"west": {"uv": [5.5, 0, 8, 2.5], "texture": "#0"},
				"up": {"uv": [6.5, 5, 6, 2.5], "texture": "#0"},
				"down": {"uv": [4.5, 6, 4, 8.5], "texture": "#0"}
			}
		},
		{
			"from": [7.5, 15.82, 10.4],
			"to": [8.5, 17.22, 11.8],
			"rotation": {"angle": -45, "axis": "x", "origin": [8.5, 13.2, 15.4]},
			"faces": {
				"north": {"uv": [3, 4.5, 3.5, 5], "texture": "#0"},
				"east": {"uv": [3.5, 4.5, 4, 5], "texture": "#0"},
				"south": {"uv": [4, 4.5, 4.5, 5], "texture": "#0"},
				"west": {"uv": [4.5, 4.5, 5, 5], "texture": "#0"},
				"up": {"uv": [2, 5.5, 1.5, 5], "texture": "#0"},
				"down": {"uv": [5.5, 2.5, 5, 3], "texture": "#0"}
			}
		},
		{
			"from": [7, -2, 8],
			"to": [9, 0, 10],
			"rotation": {"angle": -45, "axis": "x", "origin": [7, -2, 8]},
			"faces": {
				"north": {"uv": [3, 5, 4, 6], "texture": "#0"},
				"east": {"uv": [5, 3, 6, 4], "texture": "#0"},
				"south": {"uv": [4, 5, 5, 6], "texture": "#0"},
				"west": {"uv": [5, 4, 6, 5], "texture": "#0"},
				"up": {"uv": [6, 6, 5, 5], "texture": "#0"},
				"down": {"uv": [1, 6, 0, 7], "texture": "#0"}
			}
		}
	],
	"display": {
		"thirdperson_righthand": {
			"translation": [0.5, 2, 1.5],
			"scale": [1.03, 1, 1.03]
		},
		"thirdperson_lefthand": {
			"translation": [0.5, 2, 1.5],
			"scale": [1.03, 1, 1.03]
		},
		"firstperson_righthand": {
			"rotation": [10, -3, -5],
			"translation": [1.25, 0.5, 0.25],
			"scale": [0.74, 0.77, 0.77]
		},
		"firstperson_lefthand": {
			"rotation": [10, -3, -5],
			"translation": [1.25, 0.5, 0.25],
			"scale": [0.74, 0.77, 0.77]
		}
	},
	"groups": [
		{
			"name": "handle",
			"origin": [7.5, 0, 7.5],
			"color": 0,
			"children": [0, 1, 2, 3]
		},
		4,
		5,
		6,
		7
	]
}