{
    "variants": {
        "half=lower": [
			{"model": "block/peony_bottom1"},
			{"model": "block/peony_bottom2"},
			{"model": "block/peony_bottom3"},
			{"model": "block/peony_bottom4"},
			{"model": "block/peony_bottom5"},
			{"model": "block/peony_bottom6"}
		],
        "half=upper": [
			{"model": "block/peony_top1"},
			{"model": "block/peony_top2"},
			{"model": "block/peony_top3"},
			{"model": "block/peony_top4"},
			{"model": "block/peony_top5"},
			{"model": "block/peony_top6"}
		]
    }
}
