{
    "variants": {
        "half=lower": [
			{"model": "block/rose_bush_bottom1"},
			{"model": "block/rose_bush_bottom2"},
			{"model": "block/rose_bush_bottom3"},
			{"model": "block/rose_bush_bottom4"},
			{"model": "block/rose_bush_bottom5"},
			{"model": "block/rose_bush_bottom6"}
		],
        "half=upper": [
			{"model": "block/rose_bush_top1"},
			{"model": "block/rose_bush_top2"},
			{"model": "block/rose_bush_top3"},
			{"model": "block/rose_bush_top4"},
			{"model": "block/rose_bush_top5"},
			{"model": "block/rose_bush_top6"}
		]
    }
}
