{
	"credit": "Made with Blockbench",
	"ambientocclusion": false,
	"textures": {
		"particle": "#texture"
	},
	"elements": [
		{
			"from": [0, 0.25, 0],
			"to": [8, 0.25, 16],
			"rotation": {"angle": 22.5, "axis": "z", "origin": [0, 0, 0]},
			"faces": {
				"up": {"uv": [0, 0, 8, 16], "texture": "#texture", "tintindex": 0},
				"down": {"uv": [0, 16, 16, 0], "texture": "#texture", "tintindex": 0}
			}
		},
		{
			"from": [8, 3.25, 0],
			"to": [16, 3.25, 16],
			"rotation": {"angle": -22.5, "axis": "z", "origin": [8, 3, 0]},
			"faces": {
				"up": {"uv": [8, 0, 16, 16], "texture": "#texture", "tintindex": 0},
				"down": {"uv": [0, 16, 16, 0], "texture": "#texture", "tintindex": 0}
			}
		},
		{
			"from": [0, 0.25, 0],
			"to": [16, 0.25, 8],
			"rotation": {"angle": -22.5, "axis": "x", "origin": [16, 0, 0]},
			"faces": {
				"up": {"uv": [0, 0, 8, 16], "rotation": 90, "texture": "#texture", "tintindex": 0},
				"down": {"uv": [0, 16, 16, 0], "rotation": 270, "texture": "#texture", "tintindex": 0}
			}
		},
		{
			"from": [0, 3.25, 8],
			"to": [16, 3.25, 16],
			"rotation": {"angle": 22.5, "axis": "x", "origin": [16, 3, 8]},
			"faces": {
				"up": {"uv": [0, 0, 8, 16], "rotation": 90, "texture": "#texture", "tintindex": 0},
				"down": {"uv": [0, 16, 16, 0], "rotation": 270, "texture": "#texture", "tintindex": 0}
			}
		}
	]
}