{
	"credit": "Made with Blockbench",
	"ambientocclusion": false,
	"textures": {
		"particle": "#texture"
	},
	"elements": [
		{
			"from": [7.75, 1.5, 12],
			"to": [15.75, 1.5, 16],
			"rotation": {"angle": 22.5, "axis": "x", "origin": [11, 1, 12]},
			"faces": {
				"up": {"uv": [8, 12, 16, 16], "texture": "#texture", "tintindex": 0},
				"down": {"uv": [8, 16, 16, 8], "texture": "#texture", "tintindex": 0}
			}
		},
		{
			"from": [7.75, 0, 8],
			"to": [15.75, 0, 12],
			"rotation": {"angle": -22.5, "axis": "x", "origin": [11, 0, 8]},
			"faces": {
				"up": {"uv": [8, 8, 16, 12], "texture": "#texture", "tintindex": 0},
				"down": {"uv": [8, 16, 16, 8], "texture": "#texture", "tintindex": 0}
			}
		},
		{
			"from": [8, 0, 8],
			"to": [12, 0, 16],
			"rotation": {"angle": 22.5, "axis": "z", "origin": [8, -1, 8]},
			"faces": {
				"up": {"uv": [8, 8, 12, 16], "texture": "#texture", "tintindex": 0},
				"down": {"uv": [8, 16, 16, 8], "texture": "#texture", "tintindex": 0}
			}
		},
		{
			"from": [12, 1.5, 8],
			"to": [16, 1.5, 16],
			"rotation": {"angle": -22.5, "axis": "z", "origin": [12, 1, 8]},
			"faces": {
				"up": {"uv": [12, 8, 16, 16], "texture": "#texture", "tintindex": 0},
				"down": {"uv": [8, 16, 16, 8], "texture": "#texture", "tintindex": 0}
			}
		}
	]
}