{
	"credit": "Made with Blockbench",
	"ambientocclusion": false,
	"textures": {
		"particle": "#texture"
	},
	"elements": [
		{
			"from": [4, 1.5, 0],
			"to": [8, 1.5, 8],
			"rotation": {"angle": -22.5, "axis": "z", "origin": [4, 1, 0]},
			"faces": {
				"up": {"uv": [4, 0, 8, 8], "texture": "#texture", "tintindex": 0},
				"down": {"uv": [0, 8, 8, 0], "texture": "#texture", "tintindex": 0}
			}
		},
		{
			"from": [0, 0, 0],
			"to": [4, 0, 8],
			"rotation": {"angle": 22.5, "axis": "z", "origin": [0, -1, 0]},
			"faces": {
				"up": {"uv": [0, 0, 4, 8], "texture": "#texture", "tintindex": 0},
				"down": {"uv": [0, 8, 8, 0], "texture": "#texture", "tintindex": 0}
			}
		},
		{
			"from": [-0.25, 0, 0],
			"to": [7.75, 0, 4],
			"rotation": {"angle": -22.5, "axis": "x", "origin": [3, 0, 0]},
			"faces": {
				"up": {"uv": [0, 0, 8, 4], "texture": "#texture", "tintindex": 0},
				"down": {"uv": [0, 8, 8, 0], "texture": "#texture", "tintindex": 0}
			}
		},
		{
			"from": [-0.25, 1.5, 4],
			"to": [7.75, 1.5, 8],
			"rotation": {"angle": 22.5, "axis": "x", "origin": [3, 1, 4]},
			"faces": {
				"up": {"uv": [0, 4, 8, 8], "texture": "#texture", "tintindex": 0},
				"down": {"uv": [0, 8, 8, 0], "texture": "#texture", "tintindex": 0}
			}
		}
	]
}