{
	"credit": "Made with Blockbench",
	"ambientocclusion": false,
	"textures": {
		"particle": "#texture"
	},
	"elements": [
		{
			"from": [0, 0, 0],
			"to": [4, 0, 16],
			"rotation": {"angle": 22.5, "axis": "z", "origin": [0, 0, 0]},
			"faces": {
				"up": {"uv": [0, 0, 4, 16], "texture": "#texture", "tintindex": 0},
				"down": {"uv": [0, 16, 8, 0], "texture": "#texture", "tintindex": 0}
			}
		},
		{
			"from": [4, 1.6, 0],
			"to": [8, 1.6, 16],
			"rotation": {"angle": -22.5, "axis": "z", "origin": [4, 1, 0]},
			"faces": {
				"up": {"uv": [4, 0, 8, 16], "texture": "#texture", "tintindex": 0},
				"down": {"uv": [0, 16, 8, 0], "texture": "#texture", "tintindex": 0}
			}
		},
		{
			"from": [0, 0, 0.5],
			"to": [8, 0, 4.5],
			"rotation": {"angle": -22.5, "axis": "x", "origin": [0, -1, 0]},
			"faces": {
				"up": {"uv": [0, 0, 8, 4], "texture": "#texture", "tintindex": 0},
				"down": {"uv": [0, 16, 8, 0], "texture": "#texture", "tintindex": 0}
			}
		},
		{
			"from": [0, 1.75, 11],
			"to": [8, 1.75, 15],
			"rotation": {"angle": 22.5, "axis": "x", "origin": [0, -1, 11]},
			"faces": {
				"up": {"uv": [0, 12, 8, 16], "texture": "#texture", "tintindex": 0},
				"down": {"uv": [0, 16, 8, 0], "texture": "#texture", "tintindex": 0}
			}
		}
	]
}